ISO-10303-21;
HEADER;
/* Generated by software containing ST-Developer
 * from STEP Tools, Inc. (www.steptools.com) 
 */

FILE_DESCRIPTION(
/* description */ (''),
/* implementation_level */ '2;1');

FILE_NAME(
/* name */ 'ST7735 Bezel.step',
/* time_stamp */ '2026-09-01T10:08:28-07:00',
/* author */ (''),
/* organization */ (''),
/* preprocessor_version */ 'ST-DEVELOPER v20.1',
/* originating_system */ 'Autodesk Translation Framework v15.8.0.0',
/* authorisation */ '');

FILE_SCHEMA (('AUTOMOTIVE_DESIGN { 1 0 10303 214 3 1 1 }'));
ENDSEC;

DATA;
#10=MECHANICAL_DESIGN_GEOMETRIC_PRESENTATION_REPRESENTATION('',(#13,#14),
#2612);
#11=SHAPE_REPRESENTATION_RELATIONSHIP('SRR','None',#2619,#12);
#12=ADVANCED_BREP_SHAPE_REPRESENTATION('',(#15,#16),#2611);
#13=STYLED_ITEM('',(#2628),#15);
#14=STYLED_ITEM('',(#2628),#16);
#15=MANIFOLD_SOLID_BREP('Body1',#1627);
#16=MANIFOLD_SOLID_BREP('Body11',#1628);
#17=FACE_BOUND('',#149,.T.);
#18=FACE_BOUND('',#150,.T.);
#19=FACE_BOUND('',#158,.T.);
#20=FACE_BOUND('',#194,.T.);
#21=FACE_BOUND('',#201,.T.);
#22=FACE_BOUND('',#213,.T.);
#23=FACE_BOUND('',#215,.T.);
#24=FACE_BOUND('',#224,.T.);
#25=ELLIPSE('',#1654,7.77817461412545,5.5);
#26=ELLIPSE('',#1655,7.7781745719786,5.5);
#27=ELLIPSE('',#1658,7.77817459305202,5.5);
#28=ELLIPSE('',#1660,7.77817459305202,5.5);
#29=ELLIPSE('',#1701,0.707106781186548,0.5);
#30=ELLIPSE('',#1702,0.707106781186548,0.5);
#31=ELLIPSE('',#1704,0.707106781186549,0.5);
#32=ELLIPSE('',#1706,0.707106781186548,0.5);
#33=CIRCLE('',#1653,5.5);
#34=CIRCLE('',#1656,5.5);
#35=CIRCLE('',#1662,5.5);
#36=CIRCLE('',#1663,5.5);
#37=CYLINDRICAL_SURFACE('',#1652,5.5);
#38=CYLINDRICAL_SURFACE('',#1657,5.5);
#39=CYLINDRICAL_SURFACE('',#1659,5.5);
#40=CYLINDRICAL_SURFACE('',#1661,5.5);
#41=CYLINDRICAL_SURFACE('',#1700,0.5);
#42=CYLINDRICAL_SURFACE('',#1703,0.5);
#43=CYLINDRICAL_SURFACE('',#1705,0.5);
#44=CYLINDRICAL_SURFACE('',#1707,0.5);
#45=FACE_OUTER_BOUND('',#133,.T.);
#46=FACE_OUTER_BOUND('',#134,.T.);
#47=FACE_OUTER_BOUND('',#135,.T.);
#48=FACE_OUTER_BOUND('',#136,.T.);
#49=FACE_OUTER_BOUND('',#137,.T.);
#50=FACE_OUTER_BOUND('',#138,.T.);
#51=FACE_OUTER_BOUND('',#139,.T.);
#52=FACE_OUTER_BOUND('',#140,.T.);
#53=FACE_OUTER_BOUND('',#141,.T.);
#54=FACE_OUTER_BOUND('',#142,.T.);
#55=FACE_OUTER_BOUND('',#143,.T.);
#56=FACE_OUTER_BOUND('',#144,.T.);
#57=FACE_OUTER_BOUND('',#145,.T.);
#58=FACE_OUTER_BOUND('',#146,.T.);
#59=FACE_OUTER_BOUND('',#147,.T.);
#60=FACE_OUTER_BOUND('',#148,.T.);
#61=FACE_OUTER_BOUND('',#151,.T.);
#62=FACE_OUTER_BOUND('',#152,.T.);
#63=FACE_OUTER_BOUND('',#153,.T.);
#64=FACE_OUTER_BOUND('',#154,.T.);
#65=FACE_OUTER_BOUND('',#155,.T.);
#66=FACE_OUTER_BOUND('',#156,.T.);
#67=FACE_OUTER_BOUND('',#157,.T.);
#68=FACE_OUTER_BOUND('',#159,.T.);
#69=FACE_OUTER_BOUND('',#160,.T.);
#70=FACE_OUTER_BOUND('',#161,.T.);
#71=FACE_OUTER_BOUND('',#162,.T.);
#72=FACE_OUTER_BOUND('',#163,.T.);
#73=FACE_OUTER_BOUND('',#164,.T.);
#74=FACE_OUTER_BOUND('',#165,.T.);
#75=FACE_OUTER_BOUND('',#166,.T.);
#76=FACE_OUTER_BOUND('',#167,.T.);
#77=FACE_OUTER_BOUND('',#168,.T.);
#78=FACE_OUTER_BOUND('',#169,.T.);
#79=FACE_OUTER_BOUND('',#170,.T.);
#80=FACE_OUTER_BOUND('',#171,.T.);
#81=FACE_OUTER_BOUND('',#172,.T.);
#82=FACE_OUTER_BOUND('',#173,.T.);
#83=FACE_OUTER_BOUND('',#174,.T.);
#84=FACE_OUTER_BOUND('',#175,.T.);
#85=FACE_OUTER_BOUND('',#176,.T.);
#86=FACE_OUTER_BOUND('',#177,.T.);
#87=FACE_OUTER_BOUND('',#178,.T.);
#88=FACE_OUTER_BOUND('',#179,.T.);
#89=FACE_OUTER_BOUND('',#180,.T.);
#90=FACE_OUTER_BOUND('',#181,.T.);
#91=FACE_OUTER_BOUND('',#182,.T.);
#92=FACE_OUTER_BOUND('',#183,.T.);
#93=FACE_OUTER_BOUND('',#184,.T.);
#94=FACE_OUTER_BOUND('',#185,.T.);
#95=FACE_OUTER_BOUND('',#186,.T.);
#96=FACE_OUTER_BOUND('',#187,.T.);
#97=FACE_OUTER_BOUND('',#188,.T.);
#98=FACE_OUTER_BOUND('',#189,.T.);
#99=FACE_OUTER_BOUND('',#190,.T.);
#100=FACE_OUTER_BOUND('',#191,.T.);
#101=FACE_OUTER_BOUND('',#192,.T.);
#102=FACE_OUTER_BOUND('',#193,.T.);
#103=FACE_OUTER_BOUND('',#195,.T.);
#104=FACE_OUTER_BOUND('',#196,.T.);
#105=FACE_OUTER_BOUND('',#197,.T.);
#106=FACE_OUTER_BOUND('',#198,.T.);
#107=FACE_OUTER_BOUND('',#199,.T.);
#108=FACE_OUTER_BOUND('',#200,.T.);
#109=FACE_OUTER_BOUND('',#202,.T.);
#110=FACE_OUTER_BOUND('',#203,.T.);
#111=FACE_OUTER_BOUND('',#204,.T.);
#112=FACE_OUTER_BOUND('',#205,.T.);
#113=FACE_OUTER_BOUND('',#206,.T.);
#114=FACE_OUTER_BOUND('',#207,.T.);
#115=FACE_OUTER_BOUND('',#208,.T.);
#116=FACE_OUTER_BOUND('',#209,.T.);
#117=FACE_OUTER_BOUND('',#210,.T.);
#118=FACE_OUTER_BOUND('',#211,.T.);
#119=FACE_OUTER_BOUND('',#212,.T.);
#120=FACE_OUTER_BOUND('',#214,.T.);
#121=FACE_OUTER_BOUND('',#216,.T.);
#122=FACE_OUTER_BOUND('',#217,.T.);
#123=FACE_OUTER_BOUND('',#218,.T.);
#124=FACE_OUTER_BOUND('',#219,.T.);
#125=FACE_OUTER_BOUND('',#220,.T.);
#126=FACE_OUTER_BOUND('',#221,.T.);
#127=FACE_OUTER_BOUND('',#222,.T.);
#128=FACE_OUTER_BOUND('',#223,.T.);
#129=FACE_OUTER_BOUND('',#225,.T.);
#130=FACE_OUTER_BOUND('',#226,.T.);
#131=FACE_OUTER_BOUND('',#227,.T.);
#132=FACE_OUTER_BOUND('',#228,.T.);
#133=EDGE_LOOP('',(#1015,#1016,#1017,#1018));
#134=EDGE_LOOP('',(#1019,#1020,#1021,#1022));
#135=EDGE_LOOP('',(#1023,#1024,#1025,#1026));
#136=EDGE_LOOP('',(#1027,#1028,#1029,#1030));
#137=EDGE_LOOP('',(#1031,#1032,#1033,#1034));
#138=EDGE_LOOP('',(#1035,#1036,#1037,#1038));
#139=EDGE_LOOP('',(#1039,#1040,#1041,#1042));
#140=EDGE_LOOP('',(#1043,#1044,#1045,#1046));
#141=EDGE_LOOP('',(#1047,#1048,#1049,#1050));
#142=EDGE_LOOP('',(#1051,#1052,#1053,#1054));
#143=EDGE_LOOP('',(#1055,#1056,#1057,#1058,#1059,#1060,#1061,#1062));
#144=EDGE_LOOP('',(#1063,#1064,#1065,#1066));
#145=EDGE_LOOP('',(#1067,#1068,#1069,#1070));
#146=EDGE_LOOP('',(#1071,#1072,#1073,#1074,#1075,#1076,#1077,#1078));
#147=EDGE_LOOP('',(#1079,#1080,#1081,#1082,#1083));
#148=EDGE_LOOP('',(#1084,#1085,#1086,#1087));
#149=EDGE_LOOP('',(#1088,#1089,#1090,#1091));
#150=EDGE_LOOP('',(#1092,#1093,#1094,#1095));
#151=EDGE_LOOP('',(#1096,#1097,#1098,#1099));
#152=EDGE_LOOP('',(#1100,#1101,#1102,#1103));
#153=EDGE_LOOP('',(#1104,#1105,#1106,#1107,#1108));
#154=EDGE_LOOP('',(#1109,#1110,#1111,#1112));
#155=EDGE_LOOP('',(#1113,#1114,#1115,#1116,#1117,#1118,#1119));
#156=EDGE_LOOP('',(#1120,#1121,#1122,#1123));
#157=EDGE_LOOP('',(#1124,#1125,#1126,#1127));
#158=EDGE_LOOP('',(#1128,#1129,#1130,#1131));
#159=EDGE_LOOP('',(#1132,#1133,#1134,#1135));
#160=EDGE_LOOP('',(#1136,#1137,#1138,#1139));
#161=EDGE_LOOP('',(#1140,#1141,#1142,#1143));
#162=EDGE_LOOP('',(#1144,#1145,#1146,#1147));
#163=EDGE_LOOP('',(#1148,#1149,#1150,#1151,#1152,#1153));
#164=EDGE_LOOP('',(#1154,#1155,#1156,#1157,#1158,#1159,#1160,#1161));
#165=EDGE_LOOP('',(#1162,#1163,#1164,#1165));
#166=EDGE_LOOP('',(#1166,#1167,#1168,#1169));
#167=EDGE_LOOP('',(#1170,#1171,#1172,#1173));
#168=EDGE_LOOP('',(#1174,#1175,#1176,#1177));
#169=EDGE_LOOP('',(#1178,#1179,#1180,#1181));
#170=EDGE_LOOP('',(#1182,#1183,#1184,#1185,#1186,#1187,#1188,#1189,#1190,
#1191));
#171=EDGE_LOOP('',(#1192,#1193,#1194,#1195));
#172=EDGE_LOOP('',(#1196,#1197,#1198,#1199,#1200,#1201,#1202,#1203,#1204,
#1205,#1206,#1207,#1208,#1209,#1210,#1211));
#173=EDGE_LOOP('',(#1212,#1213,#1214,#1215,#1216,#1217,#1218,#1219));
#174=EDGE_LOOP('',(#1220,#1221,#1222,#1223));
#175=EDGE_LOOP('',(#1224,#1225,#1226,#1227));
#176=EDGE_LOOP('',(#1228,#1229,#1230,#1231));
#177=EDGE_LOOP('',(#1232,#1233,#1234,#1235));
#178=EDGE_LOOP('',(#1236,#1237,#1238,#1239));
#179=EDGE_LOOP('',(#1240,#1241,#1242,#1243));
#180=EDGE_LOOP('',(#1244,#1245,#1246,#1247));
#181=EDGE_LOOP('',(#1248,#1249,#1250,#1251));
#182=EDGE_LOOP('',(#1252,#1253,#1254,#1255));
#183=EDGE_LOOP('',(#1256,#1257,#1258,#1259));
#184=EDGE_LOOP('',(#1260,#1261,#1262,#1263));
#185=EDGE_LOOP('',(#1264,#1265,#1266,#1267));
#186=EDGE_LOOP('',(#1268,#1269,#1270,#1271));
#187=EDGE_LOOP('',(#1272,#1273,#1274,#1275));
#188=EDGE_LOOP('',(#1276,#1277,#1278,#1279));
#189=EDGE_LOOP('',(#1280,#1281,#1282,#1283));
#190=EDGE_LOOP('',(#1284,#1285,#1286,#1287,#1288,#1289,#1290));
#191=EDGE_LOOP('',(#1291,#1292,#1293,#1294));
#192=EDGE_LOOP('',(#1295,#1296,#1297,#1298,#1299,#1300,#1301,#1302));
#193=EDGE_LOOP('',(#1303,#1304,#1305,#1306));
#194=EDGE_LOOP('',(#1307,#1308,#1309,#1310));
#195=EDGE_LOOP('',(#1311,#1312,#1313,#1314,#1315,#1316,#1317,#1318));
#196=EDGE_LOOP('',(#1319,#1320,#1321,#1322,#1323,#1324));
#197=EDGE_LOOP('',(#1325,#1326,#1327,#1328,#1329,#1330,#1331,#1332));
#198=EDGE_LOOP('',(#1333,#1334,#1335,#1336,#1337,#1338));
#199=EDGE_LOOP('',(#1339,#1340,#1341,#1342));
#200=EDGE_LOOP('',(#1343,#1344,#1345,#1346));
#201=EDGE_LOOP('',(#1347,#1348,#1349,#1350));
#202=EDGE_LOOP('',(#1351,#1352,#1353,#1354));
#203=EDGE_LOOP('',(#1355,#1356,#1357,#1358));
#204=EDGE_LOOP('',(#1359,#1360,#1361,#1362));
#205=EDGE_LOOP('',(#1363,#1364,#1365,#1366));
#206=EDGE_LOOP('',(#1367,#1368,#1369,#1370));
#207=EDGE_LOOP('',(#1371,#1372,#1373,#1374));
#208=EDGE_LOOP('',(#1375,#1376,#1377,#1378));
#209=EDGE_LOOP('',(#1379,#1380,#1381,#1382));
#210=EDGE_LOOP('',(#1383,#1384,#1385,#1386));
#211=EDGE_LOOP('',(#1387,#1388,#1389,#1390));
#212=EDGE_LOOP('',(#1391,#1392,#1393,#1394));
#213=EDGE_LOOP('',(#1395,#1396,#1397,#1398));
#214=EDGE_LOOP('',(#1399,#1400,#1401,#1402));
#215=EDGE_LOOP('',(#1403,#1404,#1405,#1406));
#216=EDGE_LOOP('',(#1407,#1408,#1409,#1410));
#217=EDGE_LOOP('',(#1411,#1412,#1413,#1414));
#218=EDGE_LOOP('',(#1415,#1416,#1417,#1418));
#219=EDGE_LOOP('',(#1419,#1420,#1421,#1422));
#220=EDGE_LOOP('',(#1423,#1424,#1425,#1426));
#221=EDGE_LOOP('',(#1427,#1428,#1429,#1430));
#222=EDGE_LOOP('',(#1431,#1432,#1433,#1434));
#223=EDGE_LOOP('',(#1435,#1436,#1437,#1438));
#224=EDGE_LOOP('',(#1439,#1440,#1441,#1442));
#225=EDGE_LOOP('',(#1443,#1444,#1445,#1446));
#226=EDGE_LOOP('',(#1447,#1448,#1449,#1450));
#227=EDGE_LOOP('',(#1451,#1452,#1453,#1454));
#228=EDGE_LOOP('',(#1455,#1456,#1457,#1458));
#229=LINE('',#2158,#439);
#230=LINE('',#2160,#440);
#231=LINE('',#2162,#441);
#232=LINE('',#2163,#442);
#233=LINE('',#2166,#443);
#234=LINE('',#2168,#444);
#235=LINE('',#2169,#445);
#236=LINE('',#2172,#446);
#237=LINE('',#2174,#447);
#238=LINE('',#2175,#448);
#239=LINE('',#2177,#449);
#240=LINE('',#2178,#450);
#241=LINE('',#2183,#451);
#242=LINE('',#2185,#452);
#243=LINE('',#2187,#453);
#244=LINE('',#2188,#454);
#245=LINE('',#2191,#455);
#246=LINE('',#2193,#456);
#247=LINE('',#2194,#457);
#248=LINE('',#2197,#458);
#249=LINE('',#2199,#459);
#250=LINE('',#2200,#460);
#251=LINE('',#2202,#461);
#252=LINE('',#2203,#462);
#253=LINE('',#2210,#463);
#254=LINE('',#2214,#464);
#255=LINE('',#2218,#465);
#256=LINE('',#2221,#466);
#257=LINE('',#2224,#467);
#258=LINE('',#2227,#468);
#259=LINE('',#2230,#469);
#260=LINE('',#2233,#470);
#261=LINE('',#2238,#471);
#262=LINE('',#2239,#472);
#263=LINE('',#2241,#473);
#264=LINE('',#2244,#474);
#265=LINE('',#2247,#475);
#266=LINE('',#2249,#476);
#267=LINE('',#2251,#477);
#268=LINE('',#2252,#478);
#269=LINE('',#2255,#479);
#270=LINE('',#2256,#480);
#271=LINE('',#2259,#481);
#272=LINE('',#2261,#482);
#273=LINE('',#2262,#483);
#274=LINE('',#2265,#484);
#275=LINE('',#2266,#485);
#276=LINE('',#2269,#486);
#277=LINE('',#2271,#487);
#278=LINE('',#2272,#488);
#279=LINE('',#2275,#489);
#280=LINE('',#2276,#490);
#281=LINE('',#2279,#491);
#282=LINE('',#2281,#492);
#283=LINE('',#2283,#493);
#284=LINE('',#2285,#494);
#285=LINE('',#2286,#495);
#286=LINE('',#2289,#496);
#287=LINE('',#2290,#497);
#288=LINE('',#2294,#498);
#289=LINE('',#2296,#499);
#290=LINE('',#2298,#500);
#291=LINE('',#2299,#501);
#292=LINE('',#2302,#502);
#293=LINE('',#2303,#503);
#294=LINE('',#2307,#504);
#295=LINE('',#2309,#505);
#296=LINE('',#2311,#506);
#297=LINE('',#2312,#507);
#298=LINE('',#2315,#508);
#299=LINE('',#2317,#509);
#300=LINE('',#2318,#510);
#301=LINE('',#2320,#511);
#302=LINE('',#2321,#512);
#303=LINE('',#2323,#513);
#304=LINE('',#2326,#514);
#305=LINE('',#2328,#515);
#306=LINE('',#2330,#516);
#307=LINE('',#2332,#517);
#308=LINE('',#2334,#518);
#309=LINE('',#2335,#519);
#310=LINE('',#2338,#520);
#311=LINE('',#2339,#521);
#312=LINE('',#2343,#522);
#313=LINE('',#2345,#523);
#314=LINE('',#2347,#524);
#315=LINE('',#2348,#525);
#316=LINE('',#2351,#526);
#317=LINE('',#2353,#527);
#318=LINE('',#2354,#528);
#319=LINE('',#2357,#529);
#320=LINE('',#2359,#530);
#321=LINE('',#2360,#531);
#322=LINE('',#2362,#532);
#323=LINE('',#2363,#533);
#324=LINE('',#2365,#534);
#325=LINE('',#2367,#535);
#326=LINE('',#2370,#536);
#327=LINE('',#2372,#537);
#328=LINE('',#2374,#538);
#329=LINE('',#2376,#539);
#330=LINE('',#2378,#540);
#331=LINE('',#2380,#541);
#332=LINE('',#2382,#542);
#333=LINE('',#2384,#543);
#334=LINE('',#2386,#544);
#335=LINE('',#2388,#545);
#336=LINE('',#2389,#546);
#337=LINE('',#2391,#547);
#338=LINE('',#2393,#548);
#339=LINE('',#2395,#549);
#340=LINE('',#2396,#550);
#341=LINE('',#2399,#551);
#342=LINE('',#2400,#552);
#343=LINE('',#2403,#553);
#344=LINE('',#2405,#554);
#345=LINE('',#2406,#555);
#346=LINE('',#2409,#556);
#347=LINE('',#2410,#557);
#348=LINE('',#2414,#558);
#349=LINE('',#2416,#559);
#350=LINE('',#2418,#560);
#351=LINE('',#2419,#561);
#352=LINE('',#2422,#562);
#353=LINE('',#2424,#563);
#354=LINE('',#2425,#564);
#355=LINE('',#2428,#565);
#356=LINE('',#2430,#566);
#357=LINE('',#2431,#567);
#358=LINE('',#2433,#568);
#359=LINE('',#2434,#569);
#360=LINE('',#2438,#570);
#361=LINE('',#2440,#571);
#362=LINE('',#2442,#572);
#363=LINE('',#2443,#573);
#364=LINE('',#2445,#574);
#365=LINE('',#2446,#575);
#366=LINE('',#2448,#576);
#367=LINE('',#2450,#577);
#368=LINE('',#2453,#578);
#369=LINE('',#2455,#579);
#370=LINE('',#2456,#580);
#371=LINE('',#2467,#581);
#372=LINE('',#2470,#582);
#373=LINE('',#2471,#583);
#374=LINE('',#2474,#584);
#375=LINE('',#2475,#585);
#376=LINE('',#2477,#586);
#377=LINE('',#2479,#587);
#378=LINE('',#2481,#588);
#379=LINE('',#2486,#589);
#380=LINE('',#2488,#590);
#381=LINE('',#2490,#591);
#382=LINE('',#2491,#592);
#383=LINE('',#2495,#593);
#384=LINE('',#2497,#594);
#385=LINE('',#2499,#595);
#386=LINE('',#2500,#596);
#387=LINE('',#2502,#597);
#388=LINE('',#2504,#598);
#389=LINE('',#2505,#599);
#390=LINE('',#2508,#600);
#391=LINE('',#2509,#601);
#392=LINE('',#2513,#602);
#393=LINE('',#2515,#603);
#394=LINE('',#2517,#604);
#395=LINE('',#2518,#605);
#396=LINE('',#2522,#606);
#397=LINE('',#2524,#607);
#398=LINE('',#2526,#608);
#399=LINE('',#2527,#609);
#400=LINE('',#2530,#610);
#401=LINE('',#2532,#611);
#402=LINE('',#2533,#612);
#403=LINE('',#2536,#613);
#404=LINE('',#2538,#614);
#405=LINE('',#2539,#615);
#406=LINE('',#2541,#616);
#407=LINE('',#2542,#617);
#408=LINE('',#2546,#618);
#409=LINE('',#2548,#619);
#410=LINE('',#2550,#620);
#411=LINE('',#2551,#621);
#412=LINE('',#2554,#622);
#413=LINE('',#2556,#623);
#414=LINE('',#2557,#624);
#415=LINE('',#2560,#625);
#416=LINE('',#2562,#626);
#417=LINE('',#2563,#627);
#418=LINE('',#2565,#628);
#419=LINE('',#2566,#629);
#420=LINE('',#2571,#630);
#421=LINE('',#2573,#631);
#422=LINE('',#2575,#632);
#423=LINE('',#2576,#633);
#424=LINE('',#2579,#634);
#425=LINE('',#2580,#635);
#426=LINE('',#2582,#636);
#427=LINE('',#2587,#637);
#428=LINE('',#2588,#638);
#429=LINE('',#2589,#639);
#430=LINE('',#2592,#640);
#431=LINE('',#2593,#641);
#432=LINE('',#2596,#642);
#433=LINE('',#2597,#643);
#434=LINE('',#2599,#644);
#435=LINE('',#2602,#645);
#436=LINE('',#2603,#646);
#437=LINE('',#2605,#647);
#438=LINE('',#2607,#648);
#439=VECTOR('',#1746,10.);
#440=VECTOR('',#1747,10.);
#441=VECTOR('',#1748,10.);
#442=VECTOR('',#1749,10.);
#443=VECTOR('',#1752,10.);
#444=VECTOR('',#1753,10.);
#445=VECTOR('',#1754,10.);
#446=VECTOR('',#1757,10.);
#447=VECTOR('',#1758,10.);
#448=VECTOR('',#1759,10.);
#449=VECTOR('',#1762,10.);
#450=VECTOR('',#1763,10.);
#451=VECTOR('',#1768,10.);
#452=VECTOR('',#1769,10.);
#453=VECTOR('',#1770,10.);
#454=VECTOR('',#1771,10.);
#455=VECTOR('',#1774,10.);
#456=VECTOR('',#1775,10.);
#457=VECTOR('',#1776,10.);
#458=VECTOR('',#1779,10.);
#459=VECTOR('',#1780,10.);
#460=VECTOR('',#1781,10.);
#461=VECTOR('',#1784,10.);
#462=VECTOR('',#1785,10.);
#463=VECTOR('',#1792,10.);
#464=VECTOR('',#1795,10.);
#465=VECTOR('',#1798,10.);
#466=VECTOR('',#1801,10.);
#467=VECTOR('',#1804,10.);
#468=VECTOR('',#1807,10.);
#469=VECTOR('',#1810,10.);
#470=VECTOR('',#1813,10.);
#471=VECTOR('',#1818,10.);
#472=VECTOR('',#1819,10.);
#473=VECTOR('',#1820,10.);
#474=VECTOR('',#1823,10.);
#475=VECTOR('',#1826,10.);
#476=VECTOR('',#1827,10.);
#477=VECTOR('',#1828,10.);
#478=VECTOR('',#1829,10.);
#479=VECTOR('',#1832,10.);
#480=VECTOR('',#1833,10.);
#481=VECTOR('',#1836,10.);
#482=VECTOR('',#1837,10.);
#483=VECTOR('',#1838,10.);
#484=VECTOR('',#1841,10.);
#485=VECTOR('',#1842,10.);
#486=VECTOR('',#1845,10.);
#487=VECTOR('',#1846,10.);
#488=VECTOR('',#1847,10.);
#489=VECTOR('',#1850,10.);
#490=VECTOR('',#1851,10.);
#491=VECTOR('',#1854,10.);
#492=VECTOR('',#1855,10.);
#493=VECTOR('',#1856,10.);
#494=VECTOR('',#1857,10.);
#495=VECTOR('',#1858,10.);
#496=VECTOR('',#1861,10.);
#497=VECTOR('',#1862,10.);
#498=VECTOR('',#1865,10.);
#499=VECTOR('',#1866,10.);
#500=VECTOR('',#1867,10.);
#501=VECTOR('',#1868,10.);
#502=VECTOR('',#1871,10.);
#503=VECTOR('',#1872,10.);
#504=VECTOR('',#1875,10.);
#505=VECTOR('',#1876,10.);
#506=VECTOR('',#1877,10.);
#507=VECTOR('',#1878,10.);
#508=VECTOR('',#1881,10.);
#509=VECTOR('',#1882,10.);
#510=VECTOR('',#1883,10.);
#511=VECTOR('',#1886,10.);
#512=VECTOR('',#1887,10.);
#513=VECTOR('',#1890,10.);
#514=VECTOR('',#1893,10.);
#515=VECTOR('',#1894,10.);
#516=VECTOR('',#1895,10.);
#517=VECTOR('',#1896,10.);
#518=VECTOR('',#1897,10.);
#519=VECTOR('',#1898,10.);
#520=VECTOR('',#1901,10.);
#521=VECTOR('',#1902,10.);
#522=VECTOR('',#1905,10.);
#523=VECTOR('',#1906,10.);
#524=VECTOR('',#1907,10.);
#525=VECTOR('',#1908,10.);
#526=VECTOR('',#1911,10.);
#527=VECTOR('',#1912,10.);
#528=VECTOR('',#1913,10.);
#529=VECTOR('',#1916,10.);
#530=VECTOR('',#1917,10.);
#531=VECTOR('',#1918,10.);
#532=VECTOR('',#1921,10.);
#533=VECTOR('',#1922,10.);
#534=VECTOR('',#1925,10.);
#535=VECTOR('',#1928,10.);
#536=VECTOR('',#1931,10.);
#537=VECTOR('',#1932,10.);
#538=VECTOR('',#1933,10.);
#539=VECTOR('',#1934,10.);
#540=VECTOR('',#1935,10.);
#541=VECTOR('',#1936,10.);
#542=VECTOR('',#1937,10.);
#543=VECTOR('',#1938,10.);
#544=VECTOR('',#1939,10.);
#545=VECTOR('',#1940,10.);
#546=VECTOR('',#1941,10.);
#547=VECTOR('',#1944,10.);
#548=VECTOR('',#1945,10.);
#549=VECTOR('',#1946,10.);
#550=VECTOR('',#1947,10.);
#551=VECTOR('',#1950,10.);
#552=VECTOR('',#1951,10.);
#553=VECTOR('',#1954,10.);
#554=VECTOR('',#1955,10.);
#555=VECTOR('',#1956,10.);
#556=VECTOR('',#1959,10.);
#557=VECTOR('',#1960,10.);
#558=VECTOR('',#1963,10.);
#559=VECTOR('',#1964,10.);
#560=VECTOR('',#1965,10.);
#561=VECTOR('',#1966,10.);
#562=VECTOR('',#1969,10.);
#563=VECTOR('',#1970,10.);
#564=VECTOR('',#1971,10.);
#565=VECTOR('',#1974,10.);
#566=VECTOR('',#1975,10.);
#567=VECTOR('',#1976,10.);
#568=VECTOR('',#1979,10.);
#569=VECTOR('',#1980,10.);
#570=VECTOR('',#1983,10.);
#571=VECTOR('',#1984,10.);
#572=VECTOR('',#1985,10.);
#573=VECTOR('',#1986,10.);
#574=VECTOR('',#1989,10.);
#575=VECTOR('',#1990,10.);
#576=VECTOR('',#1993,10.);
#577=VECTOR('',#1996,10.);
#578=VECTOR('',#1999,10.);
#579=VECTOR('',#2000,10.);
#580=VECTOR('',#2001,10.);
#581=VECTOR('',#2022,10.);
#582=VECTOR('',#2025,10.);
#583=VECTOR('',#2026,10.);
#584=VECTOR('',#2029,10.);
#585=VECTOR('',#2030,10.);
#586=VECTOR('',#2033,10.);
#587=VECTOR('',#2036,10.);
#588=VECTOR('',#2039,10.);
#589=VECTOR('',#2044,10.);
#590=VECTOR('',#2045,10.);
#591=VECTOR('',#2046,10.);
#592=VECTOR('',#2047,10.);
#593=VECTOR('',#2050,10.);
#594=VECTOR('',#2051,10.);
#595=VECTOR('',#2052,10.);
#596=VECTOR('',#2053,10.);
#597=VECTOR('',#2054,10.);
#598=VECTOR('',#2055,10.);
#599=VECTOR('',#2056,10.);
#600=VECTOR('',#2059,10.);
#601=VECTOR('',#2060,10.);
#602=VECTOR('',#2063,10.);
#603=VECTOR('',#2064,10.);
#604=VECTOR('',#2065,10.);
#605=VECTOR('',#2066,10.);
#606=VECTOR('',#2069,10.);
#607=VECTOR('',#2070,10.);
#608=VECTOR('',#2071,10.);
#609=VECTOR('',#2072,10.);
#610=VECTOR('',#2075,10.);
#611=VECTOR('',#2076,10.);
#612=VECTOR('',#2077,10.);
#613=VECTOR('',#2080,10.);
#614=VECTOR('',#2081,10.);
#615=VECTOR('',#2082,10.);
#616=VECTOR('',#2085,10.);
#617=VECTOR('',#2086,10.);
#618=VECTOR('',#2089,10.);
#619=VECTOR('',#2090,10.);
#620=VECTOR('',#2091,10.);
#621=VECTOR('',#2092,10.);
#622=VECTOR('',#2095,10.);
#623=VECTOR('',#2096,10.);
#624=VECTOR('',#2097,10.);
#625=VECTOR('',#2100,10.);
#626=VECTOR('',#2101,10.);
#627=VECTOR('',#2102,10.);
#628=VECTOR('',#2105,10.);
#629=VECTOR('',#2106,10.);
#630=VECTOR('',#2111,10.);
#631=VECTOR('',#2112,10.);
#632=VECTOR('',#2113,10.);
#633=VECTOR('',#2114,10.);
#634=VECTOR('',#2117,10.);
#635=VECTOR('',#2118,10.);
#636=VECTOR('',#2121,10.);
#637=VECTOR('',#2126,10.);
#638=VECTOR('',#2127,10.);
#639=VECTOR('',#2128,10.);
#640=VECTOR('',#2131,10.);
#641=VECTOR('',#2132,10.);
#642=VECTOR('',#2135,10.);
#643=VECTOR('',#2136,10.);
#644=VECTOR('',#2139,10.);
#645=VECTOR('',#2144,10.);
#646=VECTOR('',#2145,10.);
#647=VECTOR('',#2148,10.);
#648=VECTOR('',#2151,10.);
#649=VERTEX_POINT('',#2156);
#650=VERTEX_POINT('',#2157);
#651=VERTEX_POINT('',#2159);
#652=VERTEX_POINT('',#2161);
#653=VERTEX_POINT('',#2165);
#654=VERTEX_POINT('',#2167);
#655=VERTEX_POINT('',#2171);
#656=VERTEX_POINT('',#2173);
#657=VERTEX_POINT('',#2181);
#658=VERTEX_POINT('',#2182);
#659=VERTEX_POINT('',#2184);
#660=VERTEX_POINT('',#2186);
#661=VERTEX_POINT('',#2190);
#662=VERTEX_POINT('',#2192);
#663=VERTEX_POINT('',#2196);
#664=VERTEX_POINT('',#2198);
#665=VERTEX_POINT('',#2206);
#666=VERTEX_POINT('',#2207);
#667=VERTEX_POINT('',#2209);
#668=VERTEX_POINT('',#2211);
#669=VERTEX_POINT('',#2213);
#670=VERTEX_POINT('',#2215);
#671=VERTEX_POINT('',#2217);
#672=VERTEX_POINT('',#2219);
#673=VERTEX_POINT('',#2223);
#674=VERTEX_POINT('',#2225);
#675=VERTEX_POINT('',#2229);
#676=VERTEX_POINT('',#2231);
#677=VERTEX_POINT('',#2235);
#678=VERTEX_POINT('',#2236);
#679=VERTEX_POINT('',#2240);
#680=VERTEX_POINT('',#2242);
#681=VERTEX_POINT('',#2246);
#682=VERTEX_POINT('',#2248);
#683=VERTEX_POINT('',#2250);
#684=VERTEX_POINT('',#2254);
#685=VERTEX_POINT('',#2258);
#686=VERTEX_POINT('',#2260);
#687=VERTEX_POINT('',#2264);
#688=VERTEX_POINT('',#2268);
#689=VERTEX_POINT('',#2270);
#690=VERTEX_POINT('',#2274);
#691=VERTEX_POINT('',#2278);
#692=VERTEX_POINT('',#2280);
#693=VERTEX_POINT('',#2282);
#694=VERTEX_POINT('',#2284);
#695=VERTEX_POINT('',#2288);
#696=VERTEX_POINT('',#2292);
#697=VERTEX_POINT('',#2293);
#698=VERTEX_POINT('',#2295);
#699=VERTEX_POINT('',#2297);
#700=VERTEX_POINT('',#2301);
#701=VERTEX_POINT('',#2305);
#702=VERTEX_POINT('',#2306);
#703=VERTEX_POINT('',#2308);
#704=VERTEX_POINT('',#2310);
#705=VERTEX_POINT('',#2314);
#706=VERTEX_POINT('',#2316);
#707=VERTEX_POINT('',#2325);
#708=VERTEX_POINT('',#2327);
#709=VERTEX_POINT('',#2329);
#710=VERTEX_POINT('',#2331);
#711=VERTEX_POINT('',#2333);
#712=VERTEX_POINT('',#2337);
#713=VERTEX_POINT('',#2341);
#714=VERTEX_POINT('',#2342);
#715=VERTEX_POINT('',#2344);
#716=VERTEX_POINT('',#2346);
#717=VERTEX_POINT('',#2350);
#718=VERTEX_POINT('',#2352);
#719=VERTEX_POINT('',#2356);
#720=VERTEX_POINT('',#2358);
#721=VERTEX_POINT('',#2369);
#722=VERTEX_POINT('',#2371);
#723=VERTEX_POINT('',#2373);
#724=VERTEX_POINT('',#2375);
#725=VERTEX_POINT('',#2377);
#726=VERTEX_POINT('',#2379);
#727=VERTEX_POINT('',#2381);
#728=VERTEX_POINT('',#2383);
#729=VERTEX_POINT('',#2385);
#730=VERTEX_POINT('',#2387);
#731=VERTEX_POINT('',#2392);
#732=VERTEX_POINT('',#2394);
#733=VERTEX_POINT('',#2398);
#734=VERTEX_POINT('',#2402);
#735=VERTEX_POINT('',#2404);
#736=VERTEX_POINT('',#2408);
#737=VERTEX_POINT('',#2412);
#738=VERTEX_POINT('',#2413);
#739=VERTEX_POINT('',#2415);
#740=VERTEX_POINT('',#2417);
#741=VERTEX_POINT('',#2421);
#742=VERTEX_POINT('',#2423);
#743=VERTEX_POINT('',#2427);
#744=VERTEX_POINT('',#2429);
#745=VERTEX_POINT('',#2436);
#746=VERTEX_POINT('',#2437);
#747=VERTEX_POINT('',#2439);
#748=VERTEX_POINT('',#2441);
#749=VERTEX_POINT('',#2452);
#750=VERTEX_POINT('',#2454);
#751=VERTEX_POINT('',#2469);
#752=VERTEX_POINT('',#2473);
#753=VERTEX_POINT('',#2484);
#754=VERTEX_POINT('',#2485);
#755=VERTEX_POINT('',#2487);
#756=VERTEX_POINT('',#2489);
#757=VERTEX_POINT('',#2493);
#758=VERTEX_POINT('',#2494);
#759=VERTEX_POINT('',#2496);
#760=VERTEX_POINT('',#2498);
#761=VERTEX_POINT('',#2501);
#762=VERTEX_POINT('',#2503);
#763=VERTEX_POINT('',#2507);
#764=VERTEX_POINT('',#2511);
#765=VERTEX_POINT('',#2512);
#766=VERTEX_POINT('',#2514);
#767=VERTEX_POINT('',#2516);
#768=VERTEX_POINT('',#2520);
#769=VERTEX_POINT('',#2521);
#770=VERTEX_POINT('',#2523);
#771=VERTEX_POINT('',#2525);
#772=VERTEX_POINT('',#2529);
#773=VERTEX_POINT('',#2531);
#774=VERTEX_POINT('',#2535);
#775=VERTEX_POINT('',#2537);
#776=VERTEX_POINT('',#2544);
#777=VERTEX_POINT('',#2545);
#778=VERTEX_POINT('',#2547);
#779=VERTEX_POINT('',#2549);
#780=VERTEX_POINT('',#2553);
#781=VERTEX_POINT('',#2555);
#782=VERTEX_POINT('',#2559);
#783=VERTEX_POINT('',#2561);
#784=VERTEX_POINT('',#2569);
#785=VERTEX_POINT('',#2570);
#786=VERTEX_POINT('',#2572);
#787=VERTEX_POINT('',#2574);
#788=VERTEX_POINT('',#2578);
#789=VERTEX_POINT('',#2585);
#790=VERTEX_POINT('',#2586);
#791=VERTEX_POINT('',#2591);
#792=VERTEX_POINT('',#2595);
#793=EDGE_CURVE('',#649,#650,#229,.T.);
#794=EDGE_CURVE('',#649,#651,#230,.T.);
#795=EDGE_CURVE('',#651,#652,#231,.T.);
#796=EDGE_CURVE('',#650,#652,#232,.T.);
#797=EDGE_CURVE('',#653,#649,#233,.T.);
#798=EDGE_CURVE('',#653,#654,#234,.T.);
#799=EDGE_CURVE('',#654,#651,#235,.T.);
#800=EDGE_CURVE('',#655,#653,#236,.T.);
#801=EDGE_CURVE('',#655,#656,#237,.T.);
#802=EDGE_CURVE('',#656,#654,#238,.T.);
#803=EDGE_CURVE('',#650,#655,#239,.T.);
#804=EDGE_CURVE('',#652,#656,#240,.T.);
#805=EDGE_CURVE('',#657,#658,#241,.T.);
#806=EDGE_CURVE('',#657,#659,#242,.T.);
#807=EDGE_CURVE('',#659,#660,#243,.T.);
#808=EDGE_CURVE('',#658,#660,#244,.T.);
#809=EDGE_CURVE('',#661,#657,#245,.T.);
#810=EDGE_CURVE('',#661,#662,#246,.T.);
#811=EDGE_CURVE('',#662,#659,#247,.T.);
#812=EDGE_CURVE('',#663,#661,#248,.T.);
#813=EDGE_CURVE('',#663,#664,#249,.T.);
#814=EDGE_CURVE('',#664,#662,#250,.T.);
#815=EDGE_CURVE('',#658,#663,#251,.T.);
#816=EDGE_CURVE('',#660,#664,#252,.T.);
#817=EDGE_CURVE('',#665,#666,#33,.T.);
#818=EDGE_CURVE('',#666,#667,#253,.T.);
#819=EDGE_CURVE('',#668,#667,#25,.T.);
#820=EDGE_CURVE('',#668,#669,#254,.T.);
#821=EDGE_CURVE('',#669,#670,#26,.T.);
#822=EDGE_CURVE('',#670,#671,#255,.T.);
#823=EDGE_CURVE('',#671,#672,#34,.T.);
#824=EDGE_CURVE('',#672,#665,#256,.T.);
#825=EDGE_CURVE('',#669,#673,#257,.T.);
#826=EDGE_CURVE('',#673,#674,#27,.T.);
#827=EDGE_CURVE('',#674,#670,#258,.T.);
#828=EDGE_CURVE('',#673,#675,#259,.T.);
#829=EDGE_CURVE('',#675,#676,#28,.T.);
#830=EDGE_CURVE('',#676,#674,#260,.T.);
#831=EDGE_CURVE('',#677,#678,#35,.T.);
#832=EDGE_CURVE('',#678,#676,#261,.T.);
#833=EDGE_CURVE('',#675,#668,#262,.T.);
#834=EDGE_CURVE('',#667,#679,#263,.T.);
#835=EDGE_CURVE('',#679,#680,#36,.T.);
#836=EDGE_CURVE('',#680,#677,#264,.T.);
#837=EDGE_CURVE('',#674,#681,#265,.F.);
#838=EDGE_CURVE('',#682,#681,#266,.T.);
#839=EDGE_CURVE('',#683,#682,#267,.T.);
#840=EDGE_CURVE('',#670,#683,#268,.T.);
#841=EDGE_CURVE('',#676,#684,#269,.T.);
#842=EDGE_CURVE('',#681,#684,#270,.T.);
#843=EDGE_CURVE('',#666,#685,#271,.T.);
#844=EDGE_CURVE('',#686,#685,#272,.T.);
#845=EDGE_CURVE('',#667,#686,#273,.F.);
#846=EDGE_CURVE('',#687,#683,#274,.T.);
#847=EDGE_CURVE('',#671,#687,#275,.T.);
#848=EDGE_CURVE('',#686,#688,#276,.T.);
#849=EDGE_CURVE('',#689,#688,#277,.T.);
#850=EDGE_CURVE('',#689,#679,#278,.F.);
#851=EDGE_CURVE('',#678,#690,#279,.F.);
#852=EDGE_CURVE('',#684,#690,#280,.T.);
#853=EDGE_CURVE('',#677,#691,#281,.T.);
#854=EDGE_CURVE('',#692,#691,#282,.T.);
#855=EDGE_CURVE('',#693,#692,#283,.T.);
#856=EDGE_CURVE('',#693,#694,#284,.T.);
#857=EDGE_CURVE('',#694,#690,#285,.T.);
#858=EDGE_CURVE('',#680,#695,#286,.T.);
#859=EDGE_CURVE('',#691,#695,#287,.T.);
#860=EDGE_CURVE('',#696,#697,#288,.T.);
#861=EDGE_CURVE('',#698,#696,#289,.T.);
#862=EDGE_CURVE('',#699,#698,#290,.T.);
#863=EDGE_CURVE('',#697,#699,#291,.T.);
#864=EDGE_CURVE('',#685,#700,#292,.T.);
#865=EDGE_CURVE('',#688,#700,#293,.T.);
#866=EDGE_CURVE('',#701,#702,#294,.T.);
#867=EDGE_CURVE('',#701,#703,#295,.F.);
#868=EDGE_CURVE('',#703,#704,#296,.T.);
#869=EDGE_CURVE('',#702,#704,#297,.T.);
#870=EDGE_CURVE('',#705,#701,#298,.T.);
#871=EDGE_CURVE('',#705,#706,#299,.T.);
#872=EDGE_CURVE('',#706,#703,#300,.T.);
#873=EDGE_CURVE('',#704,#700,#301,.T.);
#874=EDGE_CURVE('',#685,#702,#302,.T.);
#875=EDGE_CURVE('',#706,#689,#303,.T.);
#876=EDGE_CURVE('',#702,#707,#304,.T.);
#877=EDGE_CURVE('',#707,#708,#305,.F.);
#878=EDGE_CURVE('',#708,#709,#306,.F.);
#879=EDGE_CURVE('',#709,#710,#307,.F.);
#880=EDGE_CURVE('',#711,#710,#308,.T.);
#881=EDGE_CURVE('',#705,#711,#309,.T.);
#882=EDGE_CURVE('',#712,#682,#310,.T.);
#883=EDGE_CURVE('',#687,#712,#311,.T.);
#884=EDGE_CURVE('',#713,#714,#312,.T.);
#885=EDGE_CURVE('',#713,#715,#313,.F.);
#886=EDGE_CURVE('',#715,#716,#314,.T.);
#887=EDGE_CURVE('',#714,#716,#315,.T.);
#888=EDGE_CURVE('',#717,#713,#316,.T.);
#889=EDGE_CURVE('',#717,#718,#317,.F.);
#890=EDGE_CURVE('',#718,#715,#318,.T.);
#891=EDGE_CURVE('',#719,#717,#319,.T.);
#892=EDGE_CURVE('',#719,#720,#320,.T.);
#893=EDGE_CURVE('',#720,#718,#321,.T.);
#894=EDGE_CURVE('',#714,#693,#322,.T.);
#895=EDGE_CURVE('',#716,#694,#323,.T.);
#896=EDGE_CURVE('',#720,#712,#324,.T.);
#897=EDGE_CURVE('',#719,#687,#325,.T.);
#898=EDGE_CURVE('',#721,#692,#326,.T.);
#899=EDGE_CURVE('',#721,#722,#327,.F.);
#900=EDGE_CURVE('',#722,#723,#328,.F.);
#901=EDGE_CURVE('',#723,#724,#329,.F.);
#902=EDGE_CURVE('',#724,#725,#330,.F.);
#903=EDGE_CURVE('',#725,#726,#331,.F.);
#904=EDGE_CURVE('',#726,#727,#332,.F.);
#905=EDGE_CURVE('',#727,#728,#333,.F.);
#906=EDGE_CURVE('',#728,#729,#334,.F.);
#907=EDGE_CURVE('',#729,#730,#335,.F.);
#908=EDGE_CURVE('',#730,#719,#336,.T.);
#909=EDGE_CURVE('',#695,#711,#337,.T.);
#910=EDGE_CURVE('',#731,#710,#338,.T.);
#911=EDGE_CURVE('',#732,#731,#339,.T.);
#912=EDGE_CURVE('',#721,#732,#340,.T.);
#913=EDGE_CURVE('',#733,#732,#341,.T.);
#914=EDGE_CURVE('',#722,#733,#342,.F.);
#915=EDGE_CURVE('',#672,#734,#343,.T.);
#916=EDGE_CURVE('',#735,#734,#344,.T.);
#917=EDGE_CURVE('',#735,#665,#345,.T.);
#918=EDGE_CURVE('',#731,#736,#346,.T.);
#919=EDGE_CURVE('',#733,#736,#347,.T.);
#920=EDGE_CURVE('',#737,#738,#348,.T.);
#921=EDGE_CURVE('',#737,#739,#349,.T.);
#922=EDGE_CURVE('',#739,#740,#350,.T.);
#923=EDGE_CURVE('',#738,#740,#351,.T.);
#924=EDGE_CURVE('',#738,#741,#352,.T.);
#925=EDGE_CURVE('',#740,#742,#353,.T.);
#926=EDGE_CURVE('',#741,#742,#354,.T.);
#927=EDGE_CURVE('',#741,#743,#355,.T.);
#928=EDGE_CURVE('',#742,#744,#356,.T.);
#929=EDGE_CURVE('',#743,#744,#357,.T.);
#930=EDGE_CURVE('',#743,#737,#358,.T.);
#931=EDGE_CURVE('',#744,#739,#359,.T.);
#932=EDGE_CURVE('',#745,#746,#360,.T.);
#933=EDGE_CURVE('',#745,#747,#361,.T.);
#934=EDGE_CURVE('',#747,#748,#362,.T.);
#935=EDGE_CURVE('',#748,#746,#363,.T.);
#936=EDGE_CURVE('',#747,#727,#364,.T.);
#937=EDGE_CURVE('',#728,#745,#365,.F.);
#938=EDGE_CURVE('',#748,#726,#366,.F.);
#939=EDGE_CURVE('',#746,#725,#367,.F.);
#940=EDGE_CURVE('',#749,#723,#368,.T.);
#941=EDGE_CURVE('',#750,#749,#369,.T.);
#942=EDGE_CURVE('',#750,#724,#370,.T.);
#943=EDGE_CURVE('',#699,#738,#29,.F.);
#944=EDGE_CURVE('',#741,#697,#30,.F.);
#945=EDGE_CURVE('',#698,#737,#31,.T.);
#946=EDGE_CURVE('',#696,#743,#32,.T.);
#947=EDGE_CURVE('',#736,#709,#371,.F.);
#948=EDGE_CURVE('',#751,#708,#372,.T.);
#949=EDGE_CURVE('',#749,#751,#373,.T.);
#950=EDGE_CURVE('',#751,#752,#374,.T.);
#951=EDGE_CURVE('',#752,#750,#375,.T.);
#952=EDGE_CURVE('',#752,#729,#376,.T.);
#953=EDGE_CURVE('',#735,#707,#377,.T.);
#954=EDGE_CURVE('',#734,#730,#378,.T.);
#955=EDGE_CURVE('',#753,#754,#379,.T.);
#956=EDGE_CURVE('',#754,#755,#380,.T.);
#957=EDGE_CURVE('',#755,#756,#381,.T.);
#958=EDGE_CURVE('',#753,#756,#382,.T.);
#959=EDGE_CURVE('',#757,#758,#383,.F.);
#960=EDGE_CURVE('',#758,#759,#384,.F.);
#961=EDGE_CURVE('',#759,#760,#385,.F.);
#962=EDGE_CURVE('',#760,#757,#386,.F.);
#963=EDGE_CURVE('',#761,#753,#387,.T.);
#964=EDGE_CURVE('',#756,#762,#388,.T.);
#965=EDGE_CURVE('',#762,#761,#389,.T.);
#966=EDGE_CURVE('',#763,#754,#390,.T.);
#967=EDGE_CURVE('',#761,#763,#391,.T.);
#968=EDGE_CURVE('',#764,#765,#392,.T.);
#969=EDGE_CURVE('',#766,#764,#393,.T.);
#970=EDGE_CURVE('',#767,#766,#394,.T.);
#971=EDGE_CURVE('',#765,#767,#395,.T.);
#972=EDGE_CURVE('',#768,#769,#396,.T.);
#973=EDGE_CURVE('',#768,#770,#397,.F.);
#974=EDGE_CURVE('',#771,#770,#398,.T.);
#975=EDGE_CURVE('',#769,#771,#399,.T.);
#976=EDGE_CURVE('',#772,#768,#400,.T.);
#977=EDGE_CURVE('',#772,#773,#401,.F.);
#978=EDGE_CURVE('',#770,#773,#402,.T.);
#979=EDGE_CURVE('',#774,#772,#403,.T.);
#980=EDGE_CURVE('',#774,#775,#404,.F.);
#981=EDGE_CURVE('',#773,#775,#405,.T.);
#982=EDGE_CURVE('',#769,#774,#406,.T.);
#983=EDGE_CURVE('',#775,#771,#407,.T.);
#984=EDGE_CURVE('',#776,#777,#408,.T.);
#985=EDGE_CURVE('',#776,#778,#409,.T.);
#986=EDGE_CURVE('',#779,#778,#410,.T.);
#987=EDGE_CURVE('',#777,#779,#411,.T.);
#988=EDGE_CURVE('',#777,#780,#412,.T.);
#989=EDGE_CURVE('',#781,#779,#413,.T.);
#990=EDGE_CURVE('',#780,#781,#414,.T.);
#991=EDGE_CURVE('',#780,#782,#415,.T.);
#992=EDGE_CURVE('',#783,#781,#416,.T.);
#993=EDGE_CURVE('',#782,#783,#417,.T.);
#994=EDGE_CURVE('',#782,#776,#418,.T.);
#995=EDGE_CURVE('',#778,#783,#419,.T.);
#996=EDGE_CURVE('',#784,#785,#420,.F.);
#997=EDGE_CURVE('',#786,#784,#421,.F.);
#998=EDGE_CURVE('',#787,#786,#422,.F.);
#999=EDGE_CURVE('',#785,#787,#423,.F.);
#1000=EDGE_CURVE('',#788,#763,#424,.T.);
#1001=EDGE_CURVE('',#755,#788,#425,.T.);
#1002=EDGE_CURVE('',#762,#788,#426,.T.);
#1003=EDGE_CURVE('',#789,#790,#427,.T.);
#1004=EDGE_CURVE('',#789,#767,#428,.T.);
#1005=EDGE_CURVE('',#790,#766,#429,.T.);
#1006=EDGE_CURVE('',#791,#789,#430,.T.);
#1007=EDGE_CURVE('',#791,#765,#431,.T.);
#1008=EDGE_CURVE('',#792,#791,#432,.T.);
#1009=EDGE_CURVE('',#764,#792,#433,.T.);
#1010=EDGE_CURVE('',#790,#792,#434,.T.);
#1011=EDGE_CURVE('',#786,#760,#435,.F.);
#1012=EDGE_CURVE('',#787,#759,#436,.T.);
#1013=EDGE_CURVE('',#784,#757,#437,.T.);
#1014=EDGE_CURVE('',#785,#758,#438,.F.);
#1015=ORIENTED_EDGE('',*,*,#793,.F.);
#1016=ORIENTED_EDGE('',*,*,#794,.T.);
#1017=ORIENTED_EDGE('',*,*,#795,.T.);
#1018=ORIENTED_EDGE('',*,*,#796,.F.);
#1019=ORIENTED_EDGE('',*,*,#797,.F.);
#1020=ORIENTED_EDGE('',*,*,#798,.T.);
#1021=ORIENTED_EDGE('',*,*,#799,.T.);
#1022=ORIENTED_EDGE('',*,*,#794,.F.);
#1023=ORIENTED_EDGE('',*,*,#800,.F.);
#1024=ORIENTED_EDGE('',*,*,#801,.T.);
#1025=ORIENTED_EDGE('',*,*,#802,.T.);
#1026=ORIENTED_EDGE('',*,*,#798,.F.);
#1027=ORIENTED_EDGE('',*,*,#803,.F.);
#1028=ORIENTED_EDGE('',*,*,#796,.T.);
#1029=ORIENTED_EDGE('',*,*,#804,.T.);
#1030=ORIENTED_EDGE('',*,*,#801,.F.);
#1031=ORIENTED_EDGE('',*,*,#804,.F.);
#1032=ORIENTED_EDGE('',*,*,#795,.F.);
#1033=ORIENTED_EDGE('',*,*,#799,.F.);
#1034=ORIENTED_EDGE('',*,*,#802,.F.);
#1035=ORIENTED_EDGE('',*,*,#805,.F.);
#1036=ORIENTED_EDGE('',*,*,#806,.T.);
#1037=ORIENTED_EDGE('',*,*,#807,.T.);
#1038=ORIENTED_EDGE('',*,*,#808,.F.);
#1039=ORIENTED_EDGE('',*,*,#809,.F.);
#1040=ORIENTED_EDGE('',*,*,#810,.T.);
#1041=ORIENTED_EDGE('',*,*,#811,.T.);
#1042=ORIENTED_EDGE('',*,*,#806,.F.);
#1043=ORIENTED_EDGE('',*,*,#812,.F.);
#1044=ORIENTED_EDGE('',*,*,#813,.T.);
#1045=ORIENTED_EDGE('',*,*,#814,.T.);
#1046=ORIENTED_EDGE('',*,*,#810,.F.);
#1047=ORIENTED_EDGE('',*,*,#815,.F.);
#1048=ORIENTED_EDGE('',*,*,#808,.T.);
#1049=ORIENTED_EDGE('',*,*,#816,.T.);
#1050=ORIENTED_EDGE('',*,*,#813,.F.);
#1051=ORIENTED_EDGE('',*,*,#816,.F.);
#1052=ORIENTED_EDGE('',*,*,#807,.F.);
#1053=ORIENTED_EDGE('',*,*,#811,.F.);
#1054=ORIENTED_EDGE('',*,*,#814,.F.);
#1055=ORIENTED_EDGE('',*,*,#817,.T.);
#1056=ORIENTED_EDGE('',*,*,#818,.T.);
#1057=ORIENTED_EDGE('',*,*,#819,.F.);
#1058=ORIENTED_EDGE('',*,*,#820,.T.);
#1059=ORIENTED_EDGE('',*,*,#821,.T.);
#1060=ORIENTED_EDGE('',*,*,#822,.T.);
#1061=ORIENTED_EDGE('',*,*,#823,.T.);
#1062=ORIENTED_EDGE('',*,*,#824,.T.);
#1063=ORIENTED_EDGE('',*,*,#825,.T.);
#1064=ORIENTED_EDGE('',*,*,#826,.T.);
#1065=ORIENTED_EDGE('',*,*,#827,.T.);
#1066=ORIENTED_EDGE('',*,*,#821,.F.);
#1067=ORIENTED_EDGE('',*,*,#828,.T.);
#1068=ORIENTED_EDGE('',*,*,#829,.T.);
#1069=ORIENTED_EDGE('',*,*,#830,.T.);
#1070=ORIENTED_EDGE('',*,*,#826,.F.);
#1071=ORIENTED_EDGE('',*,*,#831,.T.);
#1072=ORIENTED_EDGE('',*,*,#832,.T.);
#1073=ORIENTED_EDGE('',*,*,#829,.F.);
#1074=ORIENTED_EDGE('',*,*,#833,.T.);
#1075=ORIENTED_EDGE('',*,*,#819,.T.);
#1076=ORIENTED_EDGE('',*,*,#834,.T.);
#1077=ORIENTED_EDGE('',*,*,#835,.T.);
#1078=ORIENTED_EDGE('',*,*,#836,.T.);
#1079=ORIENTED_EDGE('',*,*,#827,.F.);
#1080=ORIENTED_EDGE('',*,*,#837,.T.);
#1081=ORIENTED_EDGE('',*,*,#838,.F.);
#1082=ORIENTED_EDGE('',*,*,#839,.F.);
#1083=ORIENTED_EDGE('',*,*,#840,.F.);
#1084=ORIENTED_EDGE('',*,*,#830,.F.);
#1085=ORIENTED_EDGE('',*,*,#841,.T.);
#1086=ORIENTED_EDGE('',*,*,#842,.F.);
#1087=ORIENTED_EDGE('',*,*,#837,.F.);
#1088=ORIENTED_EDGE('',*,*,#793,.T.);
#1089=ORIENTED_EDGE('',*,*,#803,.T.);
#1090=ORIENTED_EDGE('',*,*,#800,.T.);
#1091=ORIENTED_EDGE('',*,*,#797,.T.);
#1092=ORIENTED_EDGE('',*,*,#805,.T.);
#1093=ORIENTED_EDGE('',*,*,#815,.T.);
#1094=ORIENTED_EDGE('',*,*,#812,.T.);
#1095=ORIENTED_EDGE('',*,*,#809,.T.);
#1096=ORIENTED_EDGE('',*,*,#818,.F.);
#1097=ORIENTED_EDGE('',*,*,#843,.T.);
#1098=ORIENTED_EDGE('',*,*,#844,.F.);
#1099=ORIENTED_EDGE('',*,*,#845,.F.);
#1100=ORIENTED_EDGE('',*,*,#822,.F.);
#1101=ORIENTED_EDGE('',*,*,#840,.T.);
#1102=ORIENTED_EDGE('',*,*,#846,.F.);
#1103=ORIENTED_EDGE('',*,*,#847,.F.);
#1104=ORIENTED_EDGE('',*,*,#834,.F.);
#1105=ORIENTED_EDGE('',*,*,#845,.T.);
#1106=ORIENTED_EDGE('',*,*,#848,.T.);
#1107=ORIENTED_EDGE('',*,*,#849,.F.);
#1108=ORIENTED_EDGE('',*,*,#850,.T.);
#1109=ORIENTED_EDGE('',*,*,#832,.F.);
#1110=ORIENTED_EDGE('',*,*,#851,.T.);
#1111=ORIENTED_EDGE('',*,*,#852,.F.);
#1112=ORIENTED_EDGE('',*,*,#841,.F.);
#1113=ORIENTED_EDGE('',*,*,#831,.F.);
#1114=ORIENTED_EDGE('',*,*,#853,.T.);
#1115=ORIENTED_EDGE('',*,*,#854,.F.);
#1116=ORIENTED_EDGE('',*,*,#855,.F.);
#1117=ORIENTED_EDGE('',*,*,#856,.T.);
#1118=ORIENTED_EDGE('',*,*,#857,.T.);
#1119=ORIENTED_EDGE('',*,*,#851,.F.);
#1120=ORIENTED_EDGE('',*,*,#836,.F.);
#1121=ORIENTED_EDGE('',*,*,#858,.T.);
#1122=ORIENTED_EDGE('',*,*,#859,.F.);
#1123=ORIENTED_EDGE('',*,*,#853,.F.);
#1124=ORIENTED_EDGE('',*,*,#820,.F.);
#1125=ORIENTED_EDGE('',*,*,#833,.F.);
#1126=ORIENTED_EDGE('',*,*,#828,.F.);
#1127=ORIENTED_EDGE('',*,*,#825,.F.);
#1128=ORIENTED_EDGE('',*,*,#860,.F.);
#1129=ORIENTED_EDGE('',*,*,#861,.F.);
#1130=ORIENTED_EDGE('',*,*,#862,.F.);
#1131=ORIENTED_EDGE('',*,*,#863,.F.);
#1132=ORIENTED_EDGE('',*,*,#844,.T.);
#1133=ORIENTED_EDGE('',*,*,#864,.T.);
#1134=ORIENTED_EDGE('',*,*,#865,.F.);
#1135=ORIENTED_EDGE('',*,*,#848,.F.);
#1136=ORIENTED_EDGE('',*,*,#866,.F.);
#1137=ORIENTED_EDGE('',*,*,#867,.T.);
#1138=ORIENTED_EDGE('',*,*,#868,.T.);
#1139=ORIENTED_EDGE('',*,*,#869,.F.);
#1140=ORIENTED_EDGE('',*,*,#870,.F.);
#1141=ORIENTED_EDGE('',*,*,#871,.T.);
#1142=ORIENTED_EDGE('',*,*,#872,.T.);
#1143=ORIENTED_EDGE('',*,*,#867,.F.);
#1144=ORIENTED_EDGE('',*,*,#869,.T.);
#1145=ORIENTED_EDGE('',*,*,#873,.T.);
#1146=ORIENTED_EDGE('',*,*,#864,.F.);
#1147=ORIENTED_EDGE('',*,*,#874,.T.);
#1148=ORIENTED_EDGE('',*,*,#868,.F.);
#1149=ORIENTED_EDGE('',*,*,#872,.F.);
#1150=ORIENTED_EDGE('',*,*,#875,.T.);
#1151=ORIENTED_EDGE('',*,*,#849,.T.);
#1152=ORIENTED_EDGE('',*,*,#865,.T.);
#1153=ORIENTED_EDGE('',*,*,#873,.F.);
#1154=ORIENTED_EDGE('',*,*,#870,.T.);
#1155=ORIENTED_EDGE('',*,*,#866,.T.);
#1156=ORIENTED_EDGE('',*,*,#876,.T.);
#1157=ORIENTED_EDGE('',*,*,#877,.T.);
#1158=ORIENTED_EDGE('',*,*,#878,.T.);
#1159=ORIENTED_EDGE('',*,*,#879,.T.);
#1160=ORIENTED_EDGE('',*,*,#880,.F.);
#1161=ORIENTED_EDGE('',*,*,#881,.F.);
#1162=ORIENTED_EDGE('',*,*,#846,.T.);
#1163=ORIENTED_EDGE('',*,*,#839,.T.);
#1164=ORIENTED_EDGE('',*,*,#882,.F.);
#1165=ORIENTED_EDGE('',*,*,#883,.F.);
#1166=ORIENTED_EDGE('',*,*,#884,.F.);
#1167=ORIENTED_EDGE('',*,*,#885,.T.);
#1168=ORIENTED_EDGE('',*,*,#886,.T.);
#1169=ORIENTED_EDGE('',*,*,#887,.F.);
#1170=ORIENTED_EDGE('',*,*,#888,.F.);
#1171=ORIENTED_EDGE('',*,*,#889,.T.);
#1172=ORIENTED_EDGE('',*,*,#890,.T.);
#1173=ORIENTED_EDGE('',*,*,#885,.F.);
#1174=ORIENTED_EDGE('',*,*,#891,.F.);
#1175=ORIENTED_EDGE('',*,*,#892,.T.);
#1176=ORIENTED_EDGE('',*,*,#893,.T.);
#1177=ORIENTED_EDGE('',*,*,#889,.F.);
#1178=ORIENTED_EDGE('',*,*,#894,.F.);
#1179=ORIENTED_EDGE('',*,*,#887,.T.);
#1180=ORIENTED_EDGE('',*,*,#895,.T.);
#1181=ORIENTED_EDGE('',*,*,#856,.F.);
#1182=ORIENTED_EDGE('',*,*,#886,.F.);
#1183=ORIENTED_EDGE('',*,*,#890,.F.);
#1184=ORIENTED_EDGE('',*,*,#893,.F.);
#1185=ORIENTED_EDGE('',*,*,#896,.T.);
#1186=ORIENTED_EDGE('',*,*,#882,.T.);
#1187=ORIENTED_EDGE('',*,*,#838,.T.);
#1188=ORIENTED_EDGE('',*,*,#842,.T.);
#1189=ORIENTED_EDGE('',*,*,#852,.T.);
#1190=ORIENTED_EDGE('',*,*,#857,.F.);
#1191=ORIENTED_EDGE('',*,*,#895,.F.);
#1192=ORIENTED_EDGE('',*,*,#892,.F.);
#1193=ORIENTED_EDGE('',*,*,#897,.T.);
#1194=ORIENTED_EDGE('',*,*,#883,.T.);
#1195=ORIENTED_EDGE('',*,*,#896,.F.);
#1196=ORIENTED_EDGE('',*,*,#891,.T.);
#1197=ORIENTED_EDGE('',*,*,#888,.T.);
#1198=ORIENTED_EDGE('',*,*,#884,.T.);
#1199=ORIENTED_EDGE('',*,*,#894,.T.);
#1200=ORIENTED_EDGE('',*,*,#855,.T.);
#1201=ORIENTED_EDGE('',*,*,#898,.F.);
#1202=ORIENTED_EDGE('',*,*,#899,.T.);
#1203=ORIENTED_EDGE('',*,*,#900,.T.);
#1204=ORIENTED_EDGE('',*,*,#901,.T.);
#1205=ORIENTED_EDGE('',*,*,#902,.T.);
#1206=ORIENTED_EDGE('',*,*,#903,.T.);
#1207=ORIENTED_EDGE('',*,*,#904,.T.);
#1208=ORIENTED_EDGE('',*,*,#905,.T.);
#1209=ORIENTED_EDGE('',*,*,#906,.T.);
#1210=ORIENTED_EDGE('',*,*,#907,.T.);
#1211=ORIENTED_EDGE('',*,*,#908,.T.);
#1212=ORIENTED_EDGE('',*,*,#854,.T.);
#1213=ORIENTED_EDGE('',*,*,#859,.T.);
#1214=ORIENTED_EDGE('',*,*,#909,.T.);
#1215=ORIENTED_EDGE('',*,*,#880,.T.);
#1216=ORIENTED_EDGE('',*,*,#910,.F.);
#1217=ORIENTED_EDGE('',*,*,#911,.F.);
#1218=ORIENTED_EDGE('',*,*,#912,.F.);
#1219=ORIENTED_EDGE('',*,*,#898,.T.);
#1220=ORIENTED_EDGE('',*,*,#912,.T.);
#1221=ORIENTED_EDGE('',*,*,#913,.F.);
#1222=ORIENTED_EDGE('',*,*,#914,.F.);
#1223=ORIENTED_EDGE('',*,*,#899,.F.);
#1224=ORIENTED_EDGE('',*,*,#824,.F.);
#1225=ORIENTED_EDGE('',*,*,#915,.T.);
#1226=ORIENTED_EDGE('',*,*,#916,.F.);
#1227=ORIENTED_EDGE('',*,*,#917,.T.);
#1228=ORIENTED_EDGE('',*,*,#911,.T.);
#1229=ORIENTED_EDGE('',*,*,#918,.T.);
#1230=ORIENTED_EDGE('',*,*,#919,.F.);
#1231=ORIENTED_EDGE('',*,*,#913,.T.);
#1232=ORIENTED_EDGE('',*,*,#920,.F.);
#1233=ORIENTED_EDGE('',*,*,#921,.T.);
#1234=ORIENTED_EDGE('',*,*,#922,.T.);
#1235=ORIENTED_EDGE('',*,*,#923,.F.);
#1236=ORIENTED_EDGE('',*,*,#924,.F.);
#1237=ORIENTED_EDGE('',*,*,#923,.T.);
#1238=ORIENTED_EDGE('',*,*,#925,.T.);
#1239=ORIENTED_EDGE('',*,*,#926,.F.);
#1240=ORIENTED_EDGE('',*,*,#927,.F.);
#1241=ORIENTED_EDGE('',*,*,#926,.T.);
#1242=ORIENTED_EDGE('',*,*,#928,.T.);
#1243=ORIENTED_EDGE('',*,*,#929,.F.);
#1244=ORIENTED_EDGE('',*,*,#930,.F.);
#1245=ORIENTED_EDGE('',*,*,#929,.T.);
#1246=ORIENTED_EDGE('',*,*,#931,.T.);
#1247=ORIENTED_EDGE('',*,*,#921,.F.);
#1248=ORIENTED_EDGE('',*,*,#932,.F.);
#1249=ORIENTED_EDGE('',*,*,#933,.T.);
#1250=ORIENTED_EDGE('',*,*,#934,.T.);
#1251=ORIENTED_EDGE('',*,*,#935,.T.);
#1252=ORIENTED_EDGE('',*,*,#905,.F.);
#1253=ORIENTED_EDGE('',*,*,#936,.F.);
#1254=ORIENTED_EDGE('',*,*,#933,.F.);
#1255=ORIENTED_EDGE('',*,*,#937,.F.);
#1256=ORIENTED_EDGE('',*,*,#904,.F.);
#1257=ORIENTED_EDGE('',*,*,#938,.F.);
#1258=ORIENTED_EDGE('',*,*,#934,.F.);
#1259=ORIENTED_EDGE('',*,*,#936,.T.);
#1260=ORIENTED_EDGE('',*,*,#903,.F.);
#1261=ORIENTED_EDGE('',*,*,#939,.F.);
#1262=ORIENTED_EDGE('',*,*,#935,.F.);
#1263=ORIENTED_EDGE('',*,*,#938,.T.);
#1264=ORIENTED_EDGE('',*,*,#901,.F.);
#1265=ORIENTED_EDGE('',*,*,#940,.F.);
#1266=ORIENTED_EDGE('',*,*,#941,.F.);
#1267=ORIENTED_EDGE('',*,*,#942,.T.);
#1268=ORIENTED_EDGE('',*,*,#943,.T.);
#1269=ORIENTED_EDGE('',*,*,#924,.T.);
#1270=ORIENTED_EDGE('',*,*,#944,.T.);
#1271=ORIENTED_EDGE('',*,*,#863,.T.);
#1272=ORIENTED_EDGE('',*,*,#862,.T.);
#1273=ORIENTED_EDGE('',*,*,#945,.T.);
#1274=ORIENTED_EDGE('',*,*,#920,.T.);
#1275=ORIENTED_EDGE('',*,*,#943,.F.);
#1276=ORIENTED_EDGE('',*,*,#930,.T.);
#1277=ORIENTED_EDGE('',*,*,#945,.F.);
#1278=ORIENTED_EDGE('',*,*,#861,.T.);
#1279=ORIENTED_EDGE('',*,*,#946,.T.);
#1280=ORIENTED_EDGE('',*,*,#927,.T.);
#1281=ORIENTED_EDGE('',*,*,#946,.F.);
#1282=ORIENTED_EDGE('',*,*,#860,.T.);
#1283=ORIENTED_EDGE('',*,*,#944,.F.);
#1284=ORIENTED_EDGE('',*,*,#835,.F.);
#1285=ORIENTED_EDGE('',*,*,#850,.F.);
#1286=ORIENTED_EDGE('',*,*,#875,.F.);
#1287=ORIENTED_EDGE('',*,*,#871,.F.);
#1288=ORIENTED_EDGE('',*,*,#881,.T.);
#1289=ORIENTED_EDGE('',*,*,#909,.F.);
#1290=ORIENTED_EDGE('',*,*,#858,.F.);
#1291=ORIENTED_EDGE('',*,*,#910,.T.);
#1292=ORIENTED_EDGE('',*,*,#879,.F.);
#1293=ORIENTED_EDGE('',*,*,#947,.F.);
#1294=ORIENTED_EDGE('',*,*,#918,.F.);
#1295=ORIENTED_EDGE('',*,*,#914,.T.);
#1296=ORIENTED_EDGE('',*,*,#919,.T.);
#1297=ORIENTED_EDGE('',*,*,#947,.T.);
#1298=ORIENTED_EDGE('',*,*,#878,.F.);
#1299=ORIENTED_EDGE('',*,*,#948,.F.);
#1300=ORIENTED_EDGE('',*,*,#949,.F.);
#1301=ORIENTED_EDGE('',*,*,#940,.T.);
#1302=ORIENTED_EDGE('',*,*,#900,.F.);
#1303=ORIENTED_EDGE('',*,*,#950,.T.);
#1304=ORIENTED_EDGE('',*,*,#951,.T.);
#1305=ORIENTED_EDGE('',*,*,#941,.T.);
#1306=ORIENTED_EDGE('',*,*,#949,.T.);
#1307=ORIENTED_EDGE('',*,*,#931,.F.);
#1308=ORIENTED_EDGE('',*,*,#928,.F.);
#1309=ORIENTED_EDGE('',*,*,#925,.F.);
#1310=ORIENTED_EDGE('',*,*,#922,.F.);
#1311=ORIENTED_EDGE('',*,*,#939,.T.);
#1312=ORIENTED_EDGE('',*,*,#902,.F.);
#1313=ORIENTED_EDGE('',*,*,#942,.F.);
#1314=ORIENTED_EDGE('',*,*,#951,.F.);
#1315=ORIENTED_EDGE('',*,*,#952,.T.);
#1316=ORIENTED_EDGE('',*,*,#906,.F.);
#1317=ORIENTED_EDGE('',*,*,#937,.T.);
#1318=ORIENTED_EDGE('',*,*,#932,.T.);
#1319=ORIENTED_EDGE('',*,*,#817,.F.);
#1320=ORIENTED_EDGE('',*,*,#917,.F.);
#1321=ORIENTED_EDGE('',*,*,#953,.T.);
#1322=ORIENTED_EDGE('',*,*,#876,.F.);
#1323=ORIENTED_EDGE('',*,*,#874,.F.);
#1324=ORIENTED_EDGE('',*,*,#843,.F.);
#1325=ORIENTED_EDGE('',*,*,#907,.F.);
#1326=ORIENTED_EDGE('',*,*,#952,.F.);
#1327=ORIENTED_EDGE('',*,*,#950,.F.);
#1328=ORIENTED_EDGE('',*,*,#948,.T.);
#1329=ORIENTED_EDGE('',*,*,#877,.F.);
#1330=ORIENTED_EDGE('',*,*,#953,.F.);
#1331=ORIENTED_EDGE('',*,*,#916,.T.);
#1332=ORIENTED_EDGE('',*,*,#954,.T.);
#1333=ORIENTED_EDGE('',*,*,#823,.F.);
#1334=ORIENTED_EDGE('',*,*,#847,.T.);
#1335=ORIENTED_EDGE('',*,*,#897,.F.);
#1336=ORIENTED_EDGE('',*,*,#908,.F.);
#1337=ORIENTED_EDGE('',*,*,#954,.F.);
#1338=ORIENTED_EDGE('',*,*,#915,.F.);
#1339=ORIENTED_EDGE('',*,*,#955,.T.);
#1340=ORIENTED_EDGE('',*,*,#956,.T.);
#1341=ORIENTED_EDGE('',*,*,#957,.T.);
#1342=ORIENTED_EDGE('',*,*,#958,.F.);
#1343=ORIENTED_EDGE('',*,*,#959,.T.);
#1344=ORIENTED_EDGE('',*,*,#960,.T.);
#1345=ORIENTED_EDGE('',*,*,#961,.T.);
#1346=ORIENTED_EDGE('',*,*,#962,.T.);
#1347=ORIENTED_EDGE('',*,*,#963,.T.);
#1348=ORIENTED_EDGE('',*,*,#958,.T.);
#1349=ORIENTED_EDGE('',*,*,#964,.T.);
#1350=ORIENTED_EDGE('',*,*,#965,.T.);
#1351=ORIENTED_EDGE('',*,*,#966,.T.);
#1352=ORIENTED_EDGE('',*,*,#955,.F.);
#1353=ORIENTED_EDGE('',*,*,#963,.F.);
#1354=ORIENTED_EDGE('',*,*,#967,.T.);
#1355=ORIENTED_EDGE('',*,*,#968,.F.);
#1356=ORIENTED_EDGE('',*,*,#969,.F.);
#1357=ORIENTED_EDGE('',*,*,#970,.F.);
#1358=ORIENTED_EDGE('',*,*,#971,.F.);
#1359=ORIENTED_EDGE('',*,*,#972,.F.);
#1360=ORIENTED_EDGE('',*,*,#973,.T.);
#1361=ORIENTED_EDGE('',*,*,#974,.F.);
#1362=ORIENTED_EDGE('',*,*,#975,.F.);
#1363=ORIENTED_EDGE('',*,*,#976,.F.);
#1364=ORIENTED_EDGE('',*,*,#977,.T.);
#1365=ORIENTED_EDGE('',*,*,#978,.F.);
#1366=ORIENTED_EDGE('',*,*,#973,.F.);
#1367=ORIENTED_EDGE('',*,*,#979,.F.);
#1368=ORIENTED_EDGE('',*,*,#980,.T.);
#1369=ORIENTED_EDGE('',*,*,#981,.F.);
#1370=ORIENTED_EDGE('',*,*,#977,.F.);
#1371=ORIENTED_EDGE('',*,*,#982,.F.);
#1372=ORIENTED_EDGE('',*,*,#975,.T.);
#1373=ORIENTED_EDGE('',*,*,#983,.F.);
#1374=ORIENTED_EDGE('',*,*,#980,.F.);
#1375=ORIENTED_EDGE('',*,*,#984,.F.);
#1376=ORIENTED_EDGE('',*,*,#985,.T.);
#1377=ORIENTED_EDGE('',*,*,#986,.F.);
#1378=ORIENTED_EDGE('',*,*,#987,.F.);
#1379=ORIENTED_EDGE('',*,*,#988,.F.);
#1380=ORIENTED_EDGE('',*,*,#987,.T.);
#1381=ORIENTED_EDGE('',*,*,#989,.F.);
#1382=ORIENTED_EDGE('',*,*,#990,.F.);
#1383=ORIENTED_EDGE('',*,*,#991,.F.);
#1384=ORIENTED_EDGE('',*,*,#990,.T.);
#1385=ORIENTED_EDGE('',*,*,#992,.F.);
#1386=ORIENTED_EDGE('',*,*,#993,.F.);
#1387=ORIENTED_EDGE('',*,*,#994,.F.);
#1388=ORIENTED_EDGE('',*,*,#993,.T.);
#1389=ORIENTED_EDGE('',*,*,#995,.F.);
#1390=ORIENTED_EDGE('',*,*,#985,.F.);
#1391=ORIENTED_EDGE('',*,*,#995,.T.);
#1392=ORIENTED_EDGE('',*,*,#992,.T.);
#1393=ORIENTED_EDGE('',*,*,#989,.T.);
#1394=ORIENTED_EDGE('',*,*,#986,.T.);
#1395=ORIENTED_EDGE('',*,*,#974,.T.);
#1396=ORIENTED_EDGE('',*,*,#978,.T.);
#1397=ORIENTED_EDGE('',*,*,#981,.T.);
#1398=ORIENTED_EDGE('',*,*,#983,.T.);
#1399=ORIENTED_EDGE('',*,*,#996,.F.);
#1400=ORIENTED_EDGE('',*,*,#997,.F.);
#1401=ORIENTED_EDGE('',*,*,#998,.F.);
#1402=ORIENTED_EDGE('',*,*,#999,.F.);
#1403=ORIENTED_EDGE('',*,*,#984,.T.);
#1404=ORIENTED_EDGE('',*,*,#988,.T.);
#1405=ORIENTED_EDGE('',*,*,#991,.T.);
#1406=ORIENTED_EDGE('',*,*,#994,.T.);
#1407=ORIENTED_EDGE('',*,*,#966,.F.);
#1408=ORIENTED_EDGE('',*,*,#1000,.F.);
#1409=ORIENTED_EDGE('',*,*,#1001,.F.);
#1410=ORIENTED_EDGE('',*,*,#956,.F.);
#1411=ORIENTED_EDGE('',*,*,#1001,.T.);
#1412=ORIENTED_EDGE('',*,*,#1002,.F.);
#1413=ORIENTED_EDGE('',*,*,#964,.F.);
#1414=ORIENTED_EDGE('',*,*,#957,.F.);
#1415=ORIENTED_EDGE('',*,*,#1000,.T.);
#1416=ORIENTED_EDGE('',*,*,#967,.F.);
#1417=ORIENTED_EDGE('',*,*,#965,.F.);
#1418=ORIENTED_EDGE('',*,*,#1002,.T.);
#1419=ORIENTED_EDGE('',*,*,#1003,.F.);
#1420=ORIENTED_EDGE('',*,*,#1004,.T.);
#1421=ORIENTED_EDGE('',*,*,#970,.T.);
#1422=ORIENTED_EDGE('',*,*,#1005,.F.);
#1423=ORIENTED_EDGE('',*,*,#1006,.F.);
#1424=ORIENTED_EDGE('',*,*,#1007,.T.);
#1425=ORIENTED_EDGE('',*,*,#971,.T.);
#1426=ORIENTED_EDGE('',*,*,#1004,.F.);
#1427=ORIENTED_EDGE('',*,*,#1008,.F.);
#1428=ORIENTED_EDGE('',*,*,#1009,.F.);
#1429=ORIENTED_EDGE('',*,*,#968,.T.);
#1430=ORIENTED_EDGE('',*,*,#1007,.F.);
#1431=ORIENTED_EDGE('',*,*,#1010,.F.);
#1432=ORIENTED_EDGE('',*,*,#1005,.T.);
#1433=ORIENTED_EDGE('',*,*,#969,.T.);
#1434=ORIENTED_EDGE('',*,*,#1009,.T.);
#1435=ORIENTED_EDGE('',*,*,#972,.T.);
#1436=ORIENTED_EDGE('',*,*,#982,.T.);
#1437=ORIENTED_EDGE('',*,*,#979,.T.);
#1438=ORIENTED_EDGE('',*,*,#976,.T.);
#1439=ORIENTED_EDGE('',*,*,#1003,.T.);
#1440=ORIENTED_EDGE('',*,*,#1010,.T.);
#1441=ORIENTED_EDGE('',*,*,#1008,.T.);
#1442=ORIENTED_EDGE('',*,*,#1006,.T.);
#1443=ORIENTED_EDGE('',*,*,#998,.T.);
#1444=ORIENTED_EDGE('',*,*,#1011,.T.);
#1445=ORIENTED_EDGE('',*,*,#961,.F.);
#1446=ORIENTED_EDGE('',*,*,#1012,.F.);
#1447=ORIENTED_EDGE('',*,*,#997,.T.);
#1448=ORIENTED_EDGE('',*,*,#1013,.T.);
#1449=ORIENTED_EDGE('',*,*,#962,.F.);
#1450=ORIENTED_EDGE('',*,*,#1011,.F.);
#1451=ORIENTED_EDGE('',*,*,#996,.T.);
#1452=ORIENTED_EDGE('',*,*,#1014,.T.);
#1453=ORIENTED_EDGE('',*,*,#959,.F.);
#1454=ORIENTED_EDGE('',*,*,#1013,.F.);
#1455=ORIENTED_EDGE('',*,*,#999,.T.);
#1456=ORIENTED_EDGE('',*,*,#1012,.T.);
#1457=ORIENTED_EDGE('',*,*,#960,.F.);
#1458=ORIENTED_EDGE('',*,*,#1014,.F.);
#1459=PLANE('',#1642);
#1460=PLANE('',#1643);
#1461=PLANE('',#1644);
#1462=PLANE('',#1645);
#1463=PLANE('',#1646);
#1464=PLANE('',#1647);
#1465=PLANE('',#1648);
#1466=PLANE('',#1649);
#1467=PLANE('',#1650);
#1468=PLANE('',#1651);
#1469=PLANE('',#1664);
#1470=PLANE('',#1665);
#1471=PLANE('',#1666);
#1472=PLANE('',#1667);
#1473=PLANE('',#1668);
#1474=PLANE('',#1669);
#1475=PLANE('',#1670);
#1476=PLANE('',#1671);
#1477=PLANE('',#1672);
#1478=PLANE('',#1673);
#1479=PLANE('',#1674);
#1480=PLANE('',#1675);
#1481=PLANE('',#1676);
#1482=PLANE('',#1677);
#1483=PLANE('',#1678);
#1484=PLANE('',#1679);
#1485=PLANE('',#1680);
#1486=PLANE('',#1681);
#1487=PLANE('',#1682);
#1488=PLANE('',#1683);
#1489=PLANE('',#1684);
#1490=PLANE('',#1685);
#1491=PLANE('',#1686);
#1492=PLANE('',#1687);
#1493=PLANE('',#1688);
#1494=PLANE('',#1689);
#1495=PLANE('',#1690);
#1496=PLANE('',#1691);
#1497=PLANE('',#1692);
#1498=PLANE('',#1693);
#1499=PLANE('',#1694);
#1500=PLANE('',#1695);
#1501=PLANE('',#1696);
#1502=PLANE('',#1697);
#1503=PLANE('',#1698);
#1504=PLANE('',#1699);
#1505=PLANE('',#1708);
#1506=PLANE('',#1709);
#1507=PLANE('',#1710);
#1508=PLANE('',#1711);
#1509=PLANE('',#1712);
#1510=PLANE('',#1713);
#1511=PLANE('',#1714);
#1512=PLANE('',#1715);
#1513=PLANE('',#1716);
#1514=PLANE('',#1717);
#1515=PLANE('',#1718);
#1516=PLANE('',#1719);
#1517=PLANE('',#1720);
#1518=PLANE('',#1721);
#1519=PLANE('',#1722);
#1520=PLANE('',#1723);
#1521=PLANE('',#1724);
#1522=PLANE('',#1725);
#1523=PLANE('',#1726);
#1524=PLANE('',#1727);
#1525=PLANE('',#1728);
#1526=PLANE('',#1729);
#1527=PLANE('',#1730);
#1528=PLANE('',#1731);
#1529=PLANE('',#1732);
#1530=PLANE('',#1733);
#1531=PLANE('',#1734);
#1532=PLANE('',#1735);
#1533=PLANE('',#1736);
#1534=PLANE('',#1737);
#1535=PLANE('',#1738);
#1536=PLANE('',#1739);
#1537=PLANE('',#1740);
#1538=PLANE('',#1741);
#1539=ADVANCED_FACE('',(#45),#1459,.F.);
#1540=ADVANCED_FACE('',(#46),#1460,.F.);
#1541=ADVANCED_FACE('',(#47),#1461,.F.);
#1542=ADVANCED_FACE('',(#48),#1462,.F.);
#1543=ADVANCED_FACE('',(#49),#1463,.F.);
#1544=ADVANCED_FACE('',(#50),#1464,.F.);
#1545=ADVANCED_FACE('',(#51),#1465,.F.);
#1546=ADVANCED_FACE('',(#52),#1466,.F.);
#1547=ADVANCED_FACE('',(#53),#1467,.F.);
#1548=ADVANCED_FACE('',(#54),#1468,.F.);
#1549=ADVANCED_FACE('',(#55),#37,.T.);
#1550=ADVANCED_FACE('',(#56),#38,.T.);
#1551=ADVANCED_FACE('',(#57),#39,.T.);
#1552=ADVANCED_FACE('',(#58),#40,.T.);
#1553=ADVANCED_FACE('',(#59),#1469,.T.);
#1554=ADVANCED_FACE('',(#60,#17,#18),#1470,.T.);
#1555=ADVANCED_FACE('',(#61),#1471,.T.);
#1556=ADVANCED_FACE('',(#62),#1472,.T.);
#1557=ADVANCED_FACE('',(#63),#1473,.T.);
#1558=ADVANCED_FACE('',(#64),#1474,.T.);
#1559=ADVANCED_FACE('',(#65),#1475,.F.);
#1560=ADVANCED_FACE('',(#66),#1476,.F.);
#1561=ADVANCED_FACE('',(#67,#19),#1477,.F.);
#1562=ADVANCED_FACE('',(#68),#1478,.T.);
#1563=ADVANCED_FACE('',(#69),#1479,.F.);
#1564=ADVANCED_FACE('',(#70),#1480,.F.);
#1565=ADVANCED_FACE('',(#71),#1481,.F.);
#1566=ADVANCED_FACE('',(#72),#1482,.F.);
#1567=ADVANCED_FACE('',(#73),#1483,.T.);
#1568=ADVANCED_FACE('',(#74),#1484,.T.);
#1569=ADVANCED_FACE('',(#75),#1485,.F.);
#1570=ADVANCED_FACE('',(#76),#1486,.F.);
#1571=ADVANCED_FACE('',(#77),#1487,.F.);
#1572=ADVANCED_FACE('',(#78),#1488,.F.);
#1573=ADVANCED_FACE('',(#79),#1489,.F.);
#1574=ADVANCED_FACE('',(#80),#1490,.F.);
#1575=ADVANCED_FACE('',(#81),#1491,.T.);
#1576=ADVANCED_FACE('',(#82),#1492,.T.);
#1577=ADVANCED_FACE('',(#83),#1493,.F.);
#1578=ADVANCED_FACE('',(#84),#1494,.F.);
#1579=ADVANCED_FACE('',(#85),#1495,.T.);
#1580=ADVANCED_FACE('',(#86),#1496,.F.);
#1581=ADVANCED_FACE('',(#87),#1497,.F.);
#1582=ADVANCED_FACE('',(#88),#1498,.F.);
#1583=ADVANCED_FACE('',(#89),#1499,.F.);
#1584=ADVANCED_FACE('',(#90),#1500,.T.);
#1585=ADVANCED_FACE('',(#91),#1501,.F.);
#1586=ADVANCED_FACE('',(#92),#1502,.F.);
#1587=ADVANCED_FACE('',(#93),#1503,.F.);
#1588=ADVANCED_FACE('',(#94),#1504,.F.);
#1589=ADVANCED_FACE('',(#95),#41,.T.);
#1590=ADVANCED_FACE('',(#96),#42,.T.);
#1591=ADVANCED_FACE('',(#97),#43,.T.);
#1592=ADVANCED_FACE('',(#98),#44,.T.);
#1593=ADVANCED_FACE('',(#99),#1505,.F.);
#1594=ADVANCED_FACE('',(#100),#1506,.F.);
#1595=ADVANCED_FACE('',(#101),#1507,.F.);
#1596=ADVANCED_FACE('',(#102,#20),#1508,.T.);
#1597=ADVANCED_FACE('',(#103),#1509,.F.);
#1598=ADVANCED_FACE('',(#104),#1510,.T.);
#1599=ADVANCED_FACE('',(#105),#1511,.F.);
#1600=ADVANCED_FACE('',(#106),#1512,.T.);
#1601=ADVANCED_FACE('',(#107),#1513,.T.);
#1602=ADVANCED_FACE('',(#108,#21),#1514,.T.);
#1603=ADVANCED_FACE('',(#109),#1515,.T.);
#1604=ADVANCED_FACE('',(#110),#1516,.F.);
#1605=ADVANCED_FACE('',(#111),#1517,.F.);
#1606=ADVANCED_FACE('',(#112),#1518,.F.);
#1607=ADVANCED_FACE('',(#113),#1519,.F.);
#1608=ADVANCED_FACE('',(#114),#1520,.F.);
#1609=ADVANCED_FACE('',(#115),#1521,.T.);
#1610=ADVANCED_FACE('',(#116),#1522,.T.);
#1611=ADVANCED_FACE('',(#117),#1523,.T.);
#1612=ADVANCED_FACE('',(#118),#1524,.T.);
#1613=ADVANCED_FACE('',(#119,#22),#1525,.T.);
#1614=ADVANCED_FACE('',(#120,#23),#1526,.F.);
#1615=ADVANCED_FACE('',(#121),#1527,.T.);
#1616=ADVANCED_FACE('',(#122),#1528,.T.);
#1617=ADVANCED_FACE('',(#123),#1529,.T.);
#1618=ADVANCED_FACE('',(#124),#1530,.F.);
#1619=ADVANCED_FACE('',(#125),#1531,.F.);
#1620=ADVANCED_FACE('',(#126),#1532,.F.);
#1621=ADVANCED_FACE('',(#127),#1533,.F.);
#1622=ADVANCED_FACE('',(#128,#24),#1534,.F.);
#1623=ADVANCED_FACE('',(#129),#1535,.T.);
#1624=ADVANCED_FACE('',(#130),#1536,.T.);
#1625=ADVANCED_FACE('',(#131),#1537,.T.);
#1626=ADVANCED_FACE('',(#132),#1538,.T.);
#1627=CLOSED_SHELL('',(#1539,#1540,#1541,#1542,#1543,#1544,#1545,#1546,
#1547,#1548,#1549,#1550,#1551,#1552,#1553,#1554,#1555,#1556,#1557,#1558,
#1559,#1560,#1561,#1562,#1563,#1564,#1565,#1566,#1567,#1568,#1569,#1570,
#1571,#1572,#1573,#1574,#1575,#1576,#1577,#1578,#1579,#1580,#1581,#1582,
#1583,#1584,#1585,#1586,#1587,#1588,#1589,#1590,#1591,#1592,#1593,#1594,
#1595,#1596,#1597,#1598,#1599,#1600));
#1628=CLOSED_SHELL('',(#1601,#1602,#1603,#1604,#1605,#1606,#1607,#1608,
#1609,#1610,#1611,#1612,#1613,#1614,#1615,#1616,#1617,#1618,#1619,#1620,
#1621,#1622,#1623,#1624,#1625,#1626));
#1629=DERIVED_UNIT_ELEMENT(#1631,1.);
#1630=DERIVED_UNIT_ELEMENT(#2614,-3.);
#1631=(
MASS_UNIT()
NAMED_UNIT(*)
SI_UNIT(.KILO.,.GRAM.)
);
#1632=DERIVED_UNIT((#1629,#1630));
#1633=MEASURE_REPRESENTATION_ITEM('density measure',
POSITIVE_RATIO_MEASURE(7850.),#1632);
#1634=PROPERTY_DEFINITION_REPRESENTATION(#1639,#1636);
#1635=PROPERTY_DEFINITION_REPRESENTATION(#1640,#1637);
#1636=REPRESENTATION('material name',(#1638),#2611);
#1637=REPRESENTATION('density',(#1633),#2611);
#1638=DESCRIPTIVE_REPRESENTATION_ITEM('Steel','Steel');
#1639=PROPERTY_DEFINITION('material property','material name',#2621);
#1640=PROPERTY_DEFINITION('material property','density of part',#2621);
#1641=AXIS2_PLACEMENT_3D('',#2154,#1742,#1743);
#1642=AXIS2_PLACEMENT_3D('',#2155,#1744,#1745);
#1643=AXIS2_PLACEMENT_3D('',#2164,#1750,#1751);
#1644=AXIS2_PLACEMENT_3D('',#2170,#1755,#1756);
#1645=AXIS2_PLACEMENT_3D('',#2176,#1760,#1761);
#1646=AXIS2_PLACEMENT_3D('',#2179,#1764,#1765);
#1647=AXIS2_PLACEMENT_3D('',#2180,#1766,#1767);
#1648=AXIS2_PLACEMENT_3D('',#2189,#1772,#1773);
#1649=AXIS2_PLACEMENT_3D('',#2195,#1777,#1778);
#1650=AXIS2_PLACEMENT_3D('',#2201,#1782,#1783);
#1651=AXIS2_PLACEMENT_3D('',#2204,#1786,#1787);
#1652=AXIS2_PLACEMENT_3D('',#2205,#1788,#1789);
#1653=AXIS2_PLACEMENT_3D('',#2208,#1790,#1791);
#1654=AXIS2_PLACEMENT_3D('',#2212,#1793,#1794);
#1655=AXIS2_PLACEMENT_3D('',#2216,#1796,#1797);
#1656=AXIS2_PLACEMENT_3D('',#2220,#1799,#1800);
#1657=AXIS2_PLACEMENT_3D('',#2222,#1802,#1803);
#1658=AXIS2_PLACEMENT_3D('',#2226,#1805,#1806);
#1659=AXIS2_PLACEMENT_3D('',#2228,#1808,#1809);
#1660=AXIS2_PLACEMENT_3D('',#2232,#1811,#1812);
#1661=AXIS2_PLACEMENT_3D('',#2234,#1814,#1815);
#1662=AXIS2_PLACEMENT_3D('',#2237,#1816,#1817);
#1663=AXIS2_PLACEMENT_3D('',#2243,#1821,#1822);
#1664=AXIS2_PLACEMENT_3D('',#2245,#1824,#1825);
#1665=AXIS2_PLACEMENT_3D('',#2253,#1830,#1831);
#1666=AXIS2_PLACEMENT_3D('',#2257,#1834,#1835);
#1667=AXIS2_PLACEMENT_3D('',#2263,#1839,#1840);
#1668=AXIS2_PLACEMENT_3D('',#2267,#1843,#1844);
#1669=AXIS2_PLACEMENT_3D('',#2273,#1848,#1849);
#1670=AXIS2_PLACEMENT_3D('',#2277,#1852,#1853);
#1671=AXIS2_PLACEMENT_3D('',#2287,#1859,#1860);
#1672=AXIS2_PLACEMENT_3D('',#2291,#1863,#1864);
#1673=AXIS2_PLACEMENT_3D('',#2300,#1869,#1870);
#1674=AXIS2_PLACEMENT_3D('',#2304,#1873,#1874);
#1675=AXIS2_PLACEMENT_3D('',#2313,#1879,#1880);
#1676=AXIS2_PLACEMENT_3D('',#2319,#1884,#1885);
#1677=AXIS2_PLACEMENT_3D('',#2322,#1888,#1889);
#1678=AXIS2_PLACEMENT_3D('',#2324,#1891,#1892);
#1679=AXIS2_PLACEMENT_3D('',#2336,#1899,#1900);
#1680=AXIS2_PLACEMENT_3D('',#2340,#1903,#1904);
#1681=AXIS2_PLACEMENT_3D('',#2349,#1909,#1910);
#1682=AXIS2_PLACEMENT_3D('',#2355,#1914,#1915);
#1683=AXIS2_PLACEMENT_3D('',#2361,#1919,#1920);
#1684=AXIS2_PLACEMENT_3D('',#2364,#1923,#1924);
#1685=AXIS2_PLACEMENT_3D('',#2366,#1926,#1927);
#1686=AXIS2_PLACEMENT_3D('',#2368,#1929,#1930);
#1687=AXIS2_PLACEMENT_3D('',#2390,#1942,#1943);
#1688=AXIS2_PLACEMENT_3D('',#2397,#1948,#1949);
#1689=AXIS2_PLACEMENT_3D('',#2401,#1952,#1953);
#1690=AXIS2_PLACEMENT_3D('',#2407,#1957,#1958);
#1691=AXIS2_PLACEMENT_3D('',#2411,#1961,#1962);
#1692=AXIS2_PLACEMENT_3D('',#2420,#1967,#1968);
#1693=AXIS2_PLACEMENT_3D('',#2426,#1972,#1973);
#1694=AXIS2_PLACEMENT_3D('',#2432,#1977,#1978);
#1695=AXIS2_PLACEMENT_3D('',#2435,#1981,#1982);
#1696=AXIS2_PLACEMENT_3D('',#2444,#1987,#1988);
#1697=AXIS2_PLACEMENT_3D('',#2447,#1991,#1992);
#1698=AXIS2_PLACEMENT_3D('',#2449,#1994,#1995);
#1699=AXIS2_PLACEMENT_3D('',#2451,#1997,#1998);
#1700=AXIS2_PLACEMENT_3D('',#2457,#2002,#2003);
#1701=AXIS2_PLACEMENT_3D('',#2458,#2004,#2005);
#1702=AXIS2_PLACEMENT_3D('',#2459,#2006,#2007);
#1703=AXIS2_PLACEMENT_3D('',#2460,#2008,#2009);
#1704=AXIS2_PLACEMENT_3D('',#2461,#2010,#2011);
#1705=AXIS2_PLACEMENT_3D('',#2462,#2012,#2013);
#1706=AXIS2_PLACEMENT_3D('',#2463,#2014,#2015);
#1707=AXIS2_PLACEMENT_3D('',#2464,#2016,#2017);
#1708=AXIS2_PLACEMENT_3D('',#2465,#2018,#2019);
#1709=AXIS2_PLACEMENT_3D('',#2466,#2020,#2021);
#1710=AXIS2_PLACEMENT_3D('',#2468,#2023,#2024);
#1711=AXIS2_PLACEMENT_3D('',#2472,#2027,#2028);
#1712=AXIS2_PLACEMENT_3D('',#2476,#2031,#2032);
#1713=AXIS2_PLACEMENT_3D('',#2478,#2034,#2035);
#1714=AXIS2_PLACEMENT_3D('',#2480,#2037,#2038);
#1715=AXIS2_PLACEMENT_3D('',#2482,#2040,#2041);
#1716=AXIS2_PLACEMENT_3D('',#2483,#2042,#2043);
#1717=AXIS2_PLACEMENT_3D('',#2492,#2048,#2049);
#1718=AXIS2_PLACEMENT_3D('',#2506,#2057,#2058);
#1719=AXIS2_PLACEMENT_3D('',#2510,#2061,#2062);
#1720=AXIS2_PLACEMENT_3D('',#2519,#2067,#2068);
#1721=AXIS2_PLACEMENT_3D('',#2528,#2073,#2074);
#1722=AXIS2_PLACEMENT_3D('',#2534,#2078,#2079);
#1723=AXIS2_PLACEMENT_3D('',#2540,#2083,#2084);
#1724=AXIS2_PLACEMENT_3D('',#2543,#2087,#2088);
#1725=AXIS2_PLACEMENT_3D('',#2552,#2093,#2094);
#1726=AXIS2_PLACEMENT_3D('',#2558,#2098,#2099);
#1727=AXIS2_PLACEMENT_3D('',#2564,#2103,#2104);
#1728=AXIS2_PLACEMENT_3D('',#2567,#2107,#2108);
#1729=AXIS2_PLACEMENT_3D('',#2568,#2109,#2110);
#1730=AXIS2_PLACEMENT_3D('',#2577,#2115,#2116);
#1731=AXIS2_PLACEMENT_3D('',#2581,#2119,#2120);
#1732=AXIS2_PLACEMENT_3D('',#2583,#2122,#2123);
#1733=AXIS2_PLACEMENT_3D('',#2584,#2124,#2125);
#1734=AXIS2_PLACEMENT_3D('',#2590,#2129,#2130);
#1735=AXIS2_PLACEMENT_3D('',#2594,#2133,#2134);
#1736=AXIS2_PLACEMENT_3D('',#2598,#2137,#2138);
#1737=AXIS2_PLACEMENT_3D('',#2600,#2140,#2141);
#1738=AXIS2_PLACEMENT_3D('',#2601,#2142,#2143);
#1739=AXIS2_PLACEMENT_3D('',#2604,#2146,#2147);
#1740=AXIS2_PLACEMENT_3D('',#2606,#2149,#2150);
#1741=AXIS2_PLACEMENT_3D('',#2608,#2152,#2153);
#1742=DIRECTION('axis',(0.,0.,1.));
#1743=DIRECTION('refdir',(1.,0.,0.));
#1744=DIRECTION('center_axis',(0.,1.,0.));
#1745=DIRECTION('ref_axis',(0.,0.,-1.));
#1746=DIRECTION('',(0.,0.,-1.));
#1747=DIRECTION('',(-1.,0.,0.));
#1748=DIRECTION('',(0.,0.,-1.));
#1749=DIRECTION('',(-1.,0.,0.));
#1750=DIRECTION('center_axis',(0.,0.,1.));
#1751=DIRECTION('ref_axis',(0.,1.,0.));
#1752=DIRECTION('',(0.,1.,0.));
#1753=DIRECTION('',(-1.,0.,0.));
#1754=DIRECTION('',(0.,1.,0.));
#1755=DIRECTION('center_axis',(0.,-1.,0.));
#1756=DIRECTION('ref_axis',(0.,0.,1.));
#1757=DIRECTION('',(0.,0.,1.));
#1758=DIRECTION('',(-1.,0.,0.));
#1759=DIRECTION('',(0.,0.,1.));
#1760=DIRECTION('center_axis',(0.,0.,-1.));
#1761=DIRECTION('ref_axis',(0.,-1.,0.));
#1762=DIRECTION('',(0.,-1.,0.));
#1763=DIRECTION('',(0.,-1.,0.));
#1764=DIRECTION('center_axis',(-1.,0.,0.));
#1765=DIRECTION('ref_axis',(0.,0.,1.));
#1766=DIRECTION('center_axis',(0.,-1.,0.));
#1767=DIRECTION('ref_axis',(0.,0.,1.));
#1768=DIRECTION('',(0.,0.,1.));
#1769=DIRECTION('',(-1.,0.,0.));
#1770=DIRECTION('',(0.,0.,1.));
#1771=DIRECTION('',(-1.,0.,0.));
#1772=DIRECTION('center_axis',(0.,0.,-1.));
#1773=DIRECTION('ref_axis',(0.,-1.,0.));
#1774=DIRECTION('',(0.,-1.,0.));
#1775=DIRECTION('',(-1.,0.,0.));
#1776=DIRECTION('',(0.,-1.,0.));
#1777=DIRECTION('center_axis',(0.,1.,0.));
#1778=DIRECTION('ref_axis',(0.,0.,-1.));
#1779=DIRECTION('',(0.,0.,-1.));
#1780=DIRECTION('',(-1.,0.,0.));
#1781=DIRECTION('',(0.,0.,-1.));
#1782=DIRECTION('center_axis',(0.,0.,1.));
#1783=DIRECTION('ref_axis',(0.,1.,0.));
#1784=DIRECTION('',(0.,1.,0.));
#1785=DIRECTION('',(0.,1.,0.));
#1786=DIRECTION('center_axis',(-1.,0.,0.));
#1787=DIRECTION('ref_axis',(0.,0.,1.));
#1788=DIRECTION('center_axis',(0.,1.,0.));
#1789=DIRECTION('ref_axis',(-0.707106781186548,0.,-0.707106781186548));
#1790=DIRECTION('center_axis',(0.,1.,0.));
#1791=DIRECTION('ref_axis',(-0.707106781186548,0.,-0.707106781186548));
#1792=DIRECTION('',(0.,1.,0.));
#1793=DIRECTION('center_axis',(0.707106779270782,0.707106783102313,2.85471355350895E-16));
#1794=DIRECTION('ref_axis',(0.707106783102313,-0.707106779270782,-2.85471353804038E-16));
#1795=DIRECTION('',(0.,-1.,0.));
#1796=DIRECTION('center_axis',(-0.707106779270782,0.707106783102314,0.));
#1797=DIRECTION('ref_axis',(-0.707106783102313,-0.707106779270782,0.));
#1798=DIRECTION('',(0.,1.,0.));
#1799=DIRECTION('center_axis',(0.,-1.,0.));
#1800=DIRECTION('ref_axis',(-0.707106781186548,0.,-0.707106781186548));
#1801=DIRECTION('',(0.,1.,0.));
#1802=DIRECTION('center_axis',(-1.,0.,0.));
#1803=DIRECTION('ref_axis',(0.,-0.707106781186547,-0.707106781186548));
#1804=DIRECTION('',(1.,0.,0.));
#1805=DIRECTION('center_axis',(-0.707106781186548,-0.707106781186547,0.));
#1806=DIRECTION('ref_axis',(0.707106781186547,-0.707106781186547,0.));
#1807=DIRECTION('',(-1.,0.,0.));
#1808=DIRECTION('center_axis',(0.,-1.,0.));
#1809=DIRECTION('ref_axis',(0.707106781186548,0.,-0.707106781186547));
#1810=DIRECTION('',(0.,1.,0.));
#1811=DIRECTION('center_axis',(0.707106781186547,-0.707106781186548,0.));
#1812=DIRECTION('ref_axis',(0.707106781186548,0.707106781186547,0.));
#1813=DIRECTION('',(0.,-1.,0.));
#1814=DIRECTION('center_axis',(-1.,0.,0.));
#1815=DIRECTION('ref_axis',(0.,0.707106781186548,-0.707106781186547));
#1816=DIRECTION('center_axis',(1.,0.,0.));
#1817=DIRECTION('ref_axis',(0.,0.707106781186548,-0.707106781186547));
#1818=DIRECTION('',(1.,0.,0.));
#1819=DIRECTION('',(-1.,0.,0.));
#1820=DIRECTION('',(1.,0.,0.));
#1821=DIRECTION('center_axis',(-1.,0.,0.));
#1822=DIRECTION('ref_axis',(0.,0.707106781186548,-0.707106781186547));
#1823=DIRECTION('',(1.,0.,0.));
#1824=DIRECTION('center_axis',(0.,-1.,0.));
#1825=DIRECTION('ref_axis',(1.,0.,0.));
#1826=DIRECTION('',(0.,0.,-1.));
#1827=DIRECTION('',(1.,0.,0.));
#1828=DIRECTION('',(0.,0.,1.));
#1829=DIRECTION('',(0.,0.,1.));
#1830=DIRECTION('center_axis',(1.,0.,0.));
#1831=DIRECTION('ref_axis',(0.,1.,0.));
#1832=DIRECTION('',(0.,0.,1.));
#1833=DIRECTION('',(0.,1.,0.));
#1834=DIRECTION('center_axis',(-1.,0.,0.));
#1835=DIRECTION('ref_axis',(0.,-1.,0.));
#1836=DIRECTION('',(0.,0.,1.));
#1837=DIRECTION('',(0.,-1.,0.));
#1838=DIRECTION('',(0.,0.,-1.));
#1839=DIRECTION('center_axis',(-1.,0.,0.));
#1840=DIRECTION('ref_axis',(0.,-1.,0.));
#1841=DIRECTION('',(0.,-1.,0.));
#1842=DIRECTION('',(0.,0.,1.));
#1843=DIRECTION('center_axis',(0.,1.,0.));
#1844=DIRECTION('ref_axis',(-1.,0.,0.));
#1845=DIRECTION('',(0.,0.,1.));
#1846=DIRECTION('',(-1.,0.,0.));
#1847=DIRECTION('',(0.,0.,1.));
#1848=DIRECTION('center_axis',(0.,1.,0.));
#1849=DIRECTION('ref_axis',(-1.,0.,0.));
#1850=DIRECTION('',(0.,0.,-1.));
#1851=DIRECTION('',(-1.,0.,0.));
#1852=DIRECTION('center_axis',(1.,0.,0.));
#1853=DIRECTION('ref_axis',(0.,-1.,0.));
#1854=DIRECTION('',(0.,-1.,0.));
#1855=DIRECTION('',(0.,0.,-1.));
#1856=DIRECTION('',(0.,-1.,0.));
#1857=DIRECTION('',(0.,0.,1.));
#1858=DIRECTION('',(0.,1.,0.));
#1859=DIRECTION('center_axis',(0.,0.,-1.));
#1860=DIRECTION('ref_axis',(-1.,0.,0.));
#1861=DIRECTION('',(0.,-1.,0.));
#1862=DIRECTION('',(-1.,0.,0.));
#1863=DIRECTION('center_axis',(0.,0.,1.));
#1864=DIRECTION('ref_axis',(1.,0.,0.));
#1865=DIRECTION('',(0.,1.,0.));
#1866=DIRECTION('',(-1.,0.,0.));
#1867=DIRECTION('',(0.,-1.,0.));
#1868=DIRECTION('',(1.,0.,0.));
#1869=DIRECTION('center_axis',(-1.,-2.40341297635493E-9,0.));
#1870=DIRECTION('ref_axis',(2.40341297635493E-9,-1.,0.));
#1871=DIRECTION('',(0.,0.,1.));
#1872=DIRECTION('',(2.40341297635493E-9,-1.,0.));
#1873=DIRECTION('center_axis',(-1.,-2.40341297635493E-9,0.));
#1874=DIRECTION('ref_axis',(2.40341297635493E-9,-1.,0.));
#1875=DIRECTION('',(2.40341297635493E-9,-1.,0.));
#1876=DIRECTION('',(0.,0.,-1.));
#1877=DIRECTION('',(2.40341297635493E-9,-1.,0.));
#1878=DIRECTION('',(0.,0.,1.));
#1879=DIRECTION('center_axis',(0.,1.,0.));
#1880=DIRECTION('ref_axis',(-1.,0.,0.));
#1881=DIRECTION('',(-1.,0.,0.));
#1882=DIRECTION('',(0.,0.,1.));
#1883=DIRECTION('',(-1.,0.,0.));
#1884=DIRECTION('center_axis',(-2.40341297635493E-9,1.,0.));
#1885=DIRECTION('ref_axis',(0.,0.,1.));
#1886=DIRECTION('',(-1.,-2.40341297635493E-9,0.));
#1887=DIRECTION('',(1.,0.,0.));
#1888=DIRECTION('center_axis',(0.,0.,-1.));
#1889=DIRECTION('ref_axis',(-1.,0.,0.));
#1890=DIRECTION('',(0.,1.,0.));
#1891=DIRECTION('center_axis',(0.,0.,1.));
#1892=DIRECTION('ref_axis',(1.,0.,0.));
#1893=DIRECTION('',(1.,0.,0.));
#1894=DIRECTION('',(0.,-1.,0.));
#1895=DIRECTION('',(-1.,0.,0.));
#1896=DIRECTION('',(0.,-1.,0.));
#1897=DIRECTION('',(-1.,0.,0.));
#1898=DIRECTION('',(0.,-1.,0.));
#1899=DIRECTION('center_axis',(-1.,3.55636324696597E-10,0.));
#1900=DIRECTION('ref_axis',(-3.55636324696597E-10,-1.,0.));
#1901=DIRECTION('',(-3.55636324696597E-10,-1.,0.));
#1902=DIRECTION('',(0.,0.,1.));
#1903=DIRECTION('center_axis',(1.,0.,0.));
#1904=DIRECTION('ref_axis',(0.,1.,0.));
#1905=DIRECTION('',(0.,1.,0.));
#1906=DIRECTION('',(0.,0.,-1.));
#1907=DIRECTION('',(0.,1.,0.));
#1908=DIRECTION('',(0.,0.,1.));
#1909=DIRECTION('center_axis',(0.,-1.,0.));
#1910=DIRECTION('ref_axis',(1.,0.,0.));
#1911=DIRECTION('',(1.,0.,0.));
#1912=DIRECTION('',(0.,0.,-1.));
#1913=DIRECTION('',(1.,0.,0.));
#1914=DIRECTION('center_axis',(-1.,3.55636324696597E-10,0.));
#1915=DIRECTION('ref_axis',(-3.55636324696597E-10,-1.,0.));
#1916=DIRECTION('',(-3.55636324696597E-10,-1.,0.));
#1917=DIRECTION('',(0.,0.,1.));
#1918=DIRECTION('',(-3.55636324696597E-10,-1.,0.));
#1919=DIRECTION('center_axis',(0.,1.,0.));
#1920=DIRECTION('ref_axis',(-1.,0.,0.));
#1921=DIRECTION('',(-1.,0.,0.));
#1922=DIRECTION('',(-1.,0.,0.));
#1923=DIRECTION('center_axis',(0.,0.,-1.));
#1924=DIRECTION('ref_axis',(-1.,0.,0.));
#1925=DIRECTION('',(-1.,3.55636324696597E-10,0.));
#1926=DIRECTION('center_axis',(-3.55636324696597E-10,-1.,0.));
#1927=DIRECTION('ref_axis',(0.,0.,-1.));
#1928=DIRECTION('',(-1.,0.,0.));
#1929=DIRECTION('center_axis',(0.,0.,1.));
#1930=DIRECTION('ref_axis',(1.,0.,0.));
#1931=DIRECTION('',(-1.,0.,0.));
#1932=DIRECTION('',(0.,1.,0.));
#1933=DIRECTION('',(-1.,0.,0.));
#1934=DIRECTION('',(0.,1.,0.));
#1935=DIRECTION('',(1.,0.,0.));
#1936=DIRECTION('',(0.,1.,0.));
#1937=DIRECTION('',(1.,0.,0.));
#1938=DIRECTION('',(0.,-1.,0.));
#1939=DIRECTION('',(1.,0.,0.));
#1940=DIRECTION('',(0.,-1.,0.));
#1941=DIRECTION('',(-1.,0.,0.));
#1942=DIRECTION('center_axis',(0.,-1.,0.));
#1943=DIRECTION('ref_axis',(0.,0.,-1.));
#1944=DIRECTION('',(0.,0.,1.));
#1945=DIRECTION('',(0.,0.,1.));
#1946=DIRECTION('',(-1.,0.,0.));
#1947=DIRECTION('',(0.,0.,-1.));
#1948=DIRECTION('center_axis',(1.,0.,0.));
#1949=DIRECTION('ref_axis',(0.,1.,0.));
#1950=DIRECTION('',(0.,1.,0.));
#1951=DIRECTION('',(0.,0.,1.));
#1952=DIRECTION('center_axis',(0.,0.,-1.));
#1953=DIRECTION('ref_axis',(-1.,0.,0.));
#1954=DIRECTION('',(1.,0.,0.));
#1955=DIRECTION('',(0.,-1.,0.));
#1956=DIRECTION('',(-1.,0.,0.));
#1957=DIRECTION('center_axis',(0.,0.,1.));
#1958=DIRECTION('ref_axis',(1.,0.,0.));
#1959=DIRECTION('',(0.,-1.,0.));
#1960=DIRECTION('',(-1.,0.,0.));
#1961=DIRECTION('center_axis',(1.,0.,0.));
#1962=DIRECTION('ref_axis',(0.,1.,0.));
#1963=DIRECTION('',(0.,1.,0.));
#1964=DIRECTION('',(0.,0.,1.));
#1965=DIRECTION('',(0.,1.,0.));
#1966=DIRECTION('',(0.,0.,1.));
#1967=DIRECTION('center_axis',(0.,1.,0.));
#1968=DIRECTION('ref_axis',(-1.,0.,0.));
#1969=DIRECTION('',(-1.,0.,0.));
#1970=DIRECTION('',(-1.,0.,0.));
#1971=DIRECTION('',(0.,0.,1.));
#1972=DIRECTION('center_axis',(-1.,0.,0.));
#1973=DIRECTION('ref_axis',(0.,-1.,0.));
#1974=DIRECTION('',(0.,-1.,0.));
#1975=DIRECTION('',(0.,-1.,0.));
#1976=DIRECTION('',(0.,0.,1.));
#1977=DIRECTION('center_axis',(0.,-1.,0.));
#1978=DIRECTION('ref_axis',(1.,0.,0.));
#1979=DIRECTION('',(1.,0.,0.));
#1980=DIRECTION('',(1.,0.,0.));
#1981=DIRECTION('center_axis',(0.,0.,1.));
#1982=DIRECTION('ref_axis',(1.,0.,0.));
#1983=DIRECTION('',(1.,0.,0.));
#1984=DIRECTION('',(0.,-1.,0.));
#1985=DIRECTION('',(1.,0.,0.));
#1986=DIRECTION('',(0.,1.,0.));
#1987=DIRECTION('center_axis',(-1.,0.,0.));
#1988=DIRECTION('ref_axis',(0.,-1.,0.));
#1989=DIRECTION('',(0.,0.,1.));
#1990=DIRECTION('',(0.,0.,1.));
#1991=DIRECTION('center_axis',(0.,-1.,0.));
#1992=DIRECTION('ref_axis',(1.,0.,0.));
#1993=DIRECTION('',(0.,0.,-1.));
#1994=DIRECTION('center_axis',(1.,0.,0.));
#1995=DIRECTION('ref_axis',(0.,1.,0.));
#1996=DIRECTION('',(0.,0.,-1.));
#1997=DIRECTION('center_axis',(1.,0.,0.));
#1998=DIRECTION('ref_axis',(0.,1.,0.));
#1999=DIRECTION('',(0.,0.,1.));
#2000=DIRECTION('',(0.,1.,0.));
#2001=DIRECTION('',(0.,0.,1.));
#2002=DIRECTION('center_axis',(-1.,0.,0.));
#2003=DIRECTION('ref_axis',(0.,-0.707106781186553,-0.707106781186542));
#2004=DIRECTION('center_axis',(0.707106781186548,-0.707106781186548,0.));
#2005=DIRECTION('ref_axis',(-0.707106781186547,-0.707106781186547,-4.9065389333868E-17));
#2006=DIRECTION('center_axis',(-0.707106781186548,-0.707106781186548,0.));
#2007=DIRECTION('ref_axis',(0.707106781186547,-0.707106781186547,-4.9065389333868E-17));
#2008=DIRECTION('center_axis',(0.,1.,0.));
#2009=DIRECTION('ref_axis',(-0.707106781186546,0.,-0.707106781186549));
#2010=DIRECTION('center_axis',(0.707106781186549,0.707106781186546,0.));
#2011=DIRECTION('ref_axis',(0.707106781186546,-0.707106781186549,0.));
#2012=DIRECTION('center_axis',(1.,0.,0.));
#2013=DIRECTION('ref_axis',(0.,0.707106781186549,-0.707106781186546));
#2014=DIRECTION('center_axis',(0.707106781186548,-0.707106781186548,-3.14018491736755E-15));
#2015=DIRECTION('ref_axis',(-0.707106781186547,-0.707106781186547,-3.14018491736755E-15));
#2016=DIRECTION('center_axis',(0.,-1.,0.));
#2017=DIRECTION('ref_axis',(0.707106781186548,0.,-0.707106781186547));
#2018=DIRECTION('center_axis',(-1.,0.,0.));
#2019=DIRECTION('ref_axis',(0.,1.,0.));
#2020=DIRECTION('center_axis',(-1.,0.,0.));
#2021=DIRECTION('ref_axis',(0.,-1.,0.));
#2022=DIRECTION('',(0.,0.,-1.));
#2023=DIRECTION('center_axis',(0.,1.,0.));
#2024=DIRECTION('ref_axis',(-1.,0.,0.));
#2025=DIRECTION('',(0.,0.,1.));
#2026=DIRECTION('',(-1.,0.,0.));
#2027=DIRECTION('center_axis',(0.,0.,1.));
#2028=DIRECTION('ref_axis',(1.,0.,0.));
#2029=DIRECTION('',(0.,-1.,0.));
#2030=DIRECTION('',(1.,0.,0.));
#2031=DIRECTION('center_axis',(0.,-1.,0.));
#2032=DIRECTION('ref_axis',(1.,0.,0.));
#2033=DIRECTION('',(0.,0.,1.));
#2034=DIRECTION('center_axis',(0.,-1.,0.));
#2035=DIRECTION('ref_axis',(1.,0.,0.));
#2036=DIRECTION('',(0.,0.,1.));
#2037=DIRECTION('center_axis',(-1.,0.,0.));
#2038=DIRECTION('ref_axis',(0.,-1.,0.));
#2039=DIRECTION('',(0.,0.,1.));
#2040=DIRECTION('center_axis',(0.,1.,0.));
#2041=DIRECTION('ref_axis',(-1.,0.,0.));
#2042=DIRECTION('center_axis',(-1.,-8.88178419700124E-15,1.22464679914735E-16));
#2043=DIRECTION('ref_axis',(1.22464679914735E-16,0.,1.));
#2044=DIRECTION('',(-7.11767371971336E-14,0.,-1.));
#2045=DIRECTION('',(4.65929655850615E-15,-1.,-5.70599261665284E-31));
#2046=DIRECTION('',(1.22464679914735E-16,0.,1.));
#2047=DIRECTION('',(8.88178419700124E-15,-1.,-1.08770485875751E-30));
#2048=DIRECTION('center_axis',(-1.22464679914735E-16,0.,-1.));
#2049=DIRECTION('ref_axis',(-1.,0.,1.22464679914735E-16));
#2050=DIRECTION('',(1.,0.,-1.22464679914735E-16));
#2051=DIRECTION('',(0.,-1.,0.));
#2052=DIRECTION('',(-1.,0.,1.22464679914735E-16));
#2053=DIRECTION('',(0.,1.,0.));
#2054=DIRECTION('',(-1.,0.,1.22464679914735E-16));
#2055=DIRECTION('',(1.,0.,-1.22464679914735E-16));
#2056=DIRECTION('',(0.,1.,0.));
#2057=DIRECTION('center_axis',(0.,1.,0.));
#2058=DIRECTION('ref_axis',(1.,0.,-1.22464679914735E-16));
#2059=DIRECTION('',(-1.,0.,1.22464679914735E-16));
#2060=DIRECTION('',(-1.22464679914735E-16,0.,-1.));
#2061=DIRECTION('center_axis',(-1.22464679914735E-16,0.,-1.));
#2062=DIRECTION('ref_axis',(-1.,0.,1.22464679914735E-16));
#2063=DIRECTION('',(1.,0.,-1.22464679914735E-16));
#2064=DIRECTION('',(0.,1.,0.));
#2065=DIRECTION('',(-1.,0.,1.22464679914735E-16));
#2066=DIRECTION('',(0.,-1.,0.));
#2067=DIRECTION('center_axis',(0.,1.,0.));
#2068=DIRECTION('ref_axis',(-1.,0.,1.22464679914735E-16));
#2069=DIRECTION('',(-1.,0.,1.22464679914735E-16));
#2070=DIRECTION('',(-1.22464679914735E-16,0.,-1.));
#2071=DIRECTION('',(1.,0.,-1.22464679914735E-16));
#2072=DIRECTION('',(1.22464679914735E-16,0.,1.));
#2073=DIRECTION('center_axis',(1.,-1.37915901350597E-16,-1.22464679914735E-16));
#2074=DIRECTION('ref_axis',(1.37915901350597E-16,1.,-1.68898267140531E-32));
#2075=DIRECTION('',(1.37915901350597E-16,1.,-1.68898267140531E-32));
#2076=DIRECTION('',(-1.22464679914735E-16,0.,-1.));
#2077=DIRECTION('',(-1.37915901350597E-16,-1.,1.68898267140531E-32));
#2078=DIRECTION('center_axis',(5.27421855469397E-17,-1.,-6.45905487100955E-33));
#2079=DIRECTION('ref_axis',(1.,5.27421855469397E-17,-1.22464679914735E-16));
#2080=DIRECTION('',(1.,5.27421855469397E-17,-1.22464679914735E-16));
#2081=DIRECTION('',(-1.22464679914735E-16,0.,-1.));
#2082=DIRECTION('',(-1.,-5.27421855469397E-17,1.22464679914735E-16));
#2083=DIRECTION('center_axis',(-1.,3.44789753376492E-17,1.22464679914735E-16));
#2084=DIRECTION('ref_axis',(-3.44789753376492E-17,-1.,4.22245667851326E-33));
#2085=DIRECTION('',(-3.44789753376492E-17,-1.,4.22245667851326E-33));
#2086=DIRECTION('',(3.44789753376492E-17,1.,-4.22245667851326E-33));
#2087=DIRECTION('center_axis',(0.,1.,0.));
#2088=DIRECTION('ref_axis',(-1.,0.,1.22464679914735E-16));
#2089=DIRECTION('',(1.,0.,-1.22464679914735E-16));
#2090=DIRECTION('',(1.22464679914735E-16,0.,1.));
#2091=DIRECTION('',(-1.,0.,1.22464679914735E-16));
#2092=DIRECTION('',(1.22464679914735E-16,0.,1.));
#2093=DIRECTION('center_axis',(1.,-1.37915901350597E-16,-1.22464679914735E-16));
#2094=DIRECTION('ref_axis',(1.37915901350597E-16,1.,-1.68898267140531E-32));
#2095=DIRECTION('',(-1.37915901350597E-16,-1.,1.68898267140531E-32));
#2096=DIRECTION('',(1.37915901350597E-16,1.,-1.68898267140531E-32));
#2097=DIRECTION('',(1.22464679914735E-16,0.,1.));
#2098=DIRECTION('center_axis',(5.27421855469397E-17,-1.,-6.45905487100955E-33));
#2099=DIRECTION('ref_axis',(1.,5.27421855469397E-17,-1.22464679914735E-16));
#2100=DIRECTION('',(-1.,-5.27421855469397E-17,1.22464679914735E-16));
#2101=DIRECTION('',(1.,5.27421855469397E-17,-1.22464679914735E-16));
#2102=DIRECTION('',(1.22464679914735E-16,0.,1.));
#2103=DIRECTION('center_axis',(-1.,3.44789753376492E-17,1.22464679914735E-16));
#2104=DIRECTION('ref_axis',(-3.44789753376492E-17,-1.,4.22245667851326E-33));
#2105=DIRECTION('',(3.44789753376492E-17,1.,-4.22245667851326E-33));
#2106=DIRECTION('',(-3.44789753376492E-17,-1.,4.22245667851326E-33));
#2107=DIRECTION('center_axis',(1.22464679914735E-16,0.,1.));
#2108=DIRECTION('ref_axis',(1.,0.,-1.22464679914735E-16));
#2109=DIRECTION('center_axis',(-1.22464679914735E-16,0.,-1.));
#2110=DIRECTION('ref_axis',(-1.,0.,1.22464679914735E-16));
#2111=DIRECTION('',(1.,0.,-1.22464679914735E-16));
#2112=DIRECTION('',(0.,1.,0.));
#2113=DIRECTION('',(-1.,0.,1.22464679914735E-16));
#2114=DIRECTION('',(0.,-1.,0.));
#2115=DIRECTION('center_axis',(-1.22464679914735E-16,0.,-1.));
#2116=DIRECTION('ref_axis',(1.,0.,-1.22464679914735E-16));
#2117=DIRECTION('',(0.,1.,0.));
#2118=DIRECTION('',(1.,0.,-1.22464679914735E-16));
#2119=DIRECTION('center_axis',(0.,-1.,0.));
#2120=DIRECTION('ref_axis',(-1.,0.,1.22464679914735E-16));
#2121=DIRECTION('',(-1.22464679914735E-16,0.,-1.));
#2122=DIRECTION('center_axis',(1.,0.,-1.22464679914735E-16));
#2123=DIRECTION('ref_axis',(0.,-1.,0.));
#2124=DIRECTION('center_axis',(0.,-1.,0.));
#2125=DIRECTION('ref_axis',(-1.,0.,1.22464679914735E-16));
#2126=DIRECTION('',(-1.,0.,1.22464679914735E-16));
#2127=DIRECTION('',(-1.22464679914735E-16,0.,-1.));
#2128=DIRECTION('',(-1.22464679914735E-16,0.,-1.));
#2129=DIRECTION('center_axis',(1.,0.,-1.22464679914735E-16));
#2130=DIRECTION('ref_axis',(0.,-1.,0.));
#2131=DIRECTION('',(0.,-1.,0.));
#2132=DIRECTION('',(-1.22464679914735E-16,0.,-1.));
#2133=DIRECTION('center_axis',(0.,1.,0.));
#2134=DIRECTION('ref_axis',(1.,0.,-1.22464679914735E-16));
#2135=DIRECTION('',(1.,0.,-1.22464679914735E-16));
#2136=DIRECTION('',(1.22464679914735E-16,0.,1.));
#2137=DIRECTION('center_axis',(-1.,0.,1.22464679914735E-16));
#2138=DIRECTION('ref_axis',(0.,1.,0.));
#2139=DIRECTION('',(0.,1.,0.));
#2140=DIRECTION('center_axis',(-1.22464679914735E-16,0.,-1.));
#2141=DIRECTION('ref_axis',(-1.,0.,1.22464679914735E-16));
#2142=DIRECTION('center_axis',(0.,1.,0.));
#2143=DIRECTION('ref_axis',(1.,0.,-1.22464679914735E-16));
#2144=DIRECTION('',(1.22464679914735E-16,0.,1.));
#2145=DIRECTION('',(-1.22464679914735E-16,0.,-1.));
#2146=DIRECTION('center_axis',(1.,0.,-1.22464679914735E-16));
#2147=DIRECTION('ref_axis',(0.,-1.,0.));
#2148=DIRECTION('',(-1.22464679914735E-16,0.,-1.));
#2149=DIRECTION('center_axis',(0.,-1.,0.));
#2150=DIRECTION('ref_axis',(-1.,0.,1.22464679914735E-16));
#2151=DIRECTION('',(1.22464679914735E-16,0.,1.));
#2152=DIRECTION('center_axis',(-1.,0.,1.22464679914735E-16));
#2153=DIRECTION('ref_axis',(0.,1.,0.));
#2154=CARTESIAN_POINT('',(0.,0.,0.));
#2155=CARTESIAN_POINT('Origin',(46.0000007152557,50.4000010877848,10.5));
#2156=CARTESIAN_POINT('',(46.0000007152557,50.4000010877848,10.5));
#2157=CARTESIAN_POINT('',(46.0000007152557,50.4000010877848,7.5));
#2158=CARTESIAN_POINT('',(46.0000007152557,50.4000010877848,5.25));
#2159=CARTESIAN_POINT('',(44.0000007152557,50.4000010877848,10.5));
#2160=CARTESIAN_POINT('',(46.0000007152557,50.4000010877848,10.5));
#2161=CARTESIAN_POINT('',(44.0000007152557,50.4000010877848,7.5));
#2162=CARTESIAN_POINT('',(44.0000007152557,50.4000010877848,5.5));
#2163=CARTESIAN_POINT('',(46.0000007152557,50.4000010877848,7.5));
#2164=CARTESIAN_POINT('Origin',(46.0000007152557,47.0000010877848,10.5));
#2165=CARTESIAN_POINT('',(46.0000007152557,47.0000010877848,10.5));
#2166=CARTESIAN_POINT('',(46.0000007152557,22.5000005438924,10.5));
#2167=CARTESIAN_POINT('',(44.0000007152557,47.0000010877848,10.5));
#2168=CARTESIAN_POINT('',(46.0000007152557,47.0000010877848,10.5));
#2169=CARTESIAN_POINT('',(44.0000007152557,70.4000010877848,10.5));
#2170=CARTESIAN_POINT('Origin',(46.0000007152557,47.0000010877848,7.5));
#2171=CARTESIAN_POINT('',(46.0000007152557,47.0000010877848,7.5));
#2172=CARTESIAN_POINT('',(46.0000007152557,47.0000010877848,3.75));
#2173=CARTESIAN_POINT('',(44.0000007152557,47.0000010877848,7.5));
#2174=CARTESIAN_POINT('',(46.0000007152557,47.0000010877848,7.5));
#2175=CARTESIAN_POINT('',(44.0000007152557,47.0000010877848,5.5));
#2176=CARTESIAN_POINT('Origin',(46.0000007152557,50.4000010877848,7.5));
#2177=CARTESIAN_POINT('',(46.0000007152557,24.2000005438924,7.5));
#2178=CARTESIAN_POINT('',(44.0000007152557,4.1,7.5));
#2179=CARTESIAN_POINT('Origin',(44.0000007152557,48.7000010877848,9.));
#2180=CARTESIAN_POINT('Origin',(46.0000007152557,24.1,7.5));
#2181=CARTESIAN_POINT('',(46.0000007152557,24.1,7.5));
#2182=CARTESIAN_POINT('',(46.0000007152557,24.1,10.5));
#2183=CARTESIAN_POINT('',(46.0000007152557,24.1,3.75));
#2184=CARTESIAN_POINT('',(44.0000007152557,24.1,7.5));
#2185=CARTESIAN_POINT('',(46.0000007152557,24.1,7.5));
#2186=CARTESIAN_POINT('',(44.0000007152557,24.1,10.5));
#2187=CARTESIAN_POINT('',(44.0000007152557,24.1,12.5));
#2188=CARTESIAN_POINT('',(46.0000007152557,24.1,10.5));
#2189=CARTESIAN_POINT('Origin',(46.0000007152557,27.5,7.5));
#2190=CARTESIAN_POINT('',(46.0000007152557,27.5,7.5));
#2191=CARTESIAN_POINT('',(46.0000007152557,12.75,7.5));
#2192=CARTESIAN_POINT('',(44.0000007152557,27.5,7.5));
#2193=CARTESIAN_POINT('',(46.0000007152557,27.5,7.5));
#2194=CARTESIAN_POINT('',(44.0000007152557,4.1,7.5));
#2195=CARTESIAN_POINT('Origin',(46.0000007152557,27.5,10.5));
#2196=CARTESIAN_POINT('',(46.0000007152557,27.5,10.5));
#2197=CARTESIAN_POINT('',(46.0000007152557,27.5,5.25));
#2198=CARTESIAN_POINT('',(44.0000007152557,27.5,10.5));
#2199=CARTESIAN_POINT('',(46.0000007152557,27.5,10.5));
#2200=CARTESIAN_POINT('',(44.0000007152557,27.5,12.5));
#2201=CARTESIAN_POINT('Origin',(46.0000007152557,24.1,10.5));
#2202=CARTESIAN_POINT('',(46.0000007152557,11.05,10.5));
#2203=CARTESIAN_POINT('',(44.0000007152557,70.4000010877848,10.5));
#2204=CARTESIAN_POINT('Origin',(44.0000007152557,25.8,9.));
#2205=CARTESIAN_POINT('Origin',(7.50000002980232,49.7500007338822,5.5));
#2206=CARTESIAN_POINT('',(2.02277445475066,58.0000008642673,5.));
#2207=CARTESIAN_POINT('',(2.00000002980232,58.0000008642673,5.5));
#2208=CARTESIAN_POINT('Origin',(7.50000002980232,58.0000008642673,5.5));
#2209=CARTESIAN_POINT('',(2.,70.4000010877848,5.5));
#2210=CARTESIAN_POINT('',(2.00000002980232,49.7500007338822,5.5));
#2211=CARTESIAN_POINT('',(7.50000002980232,64.9000010877848,2.22044604925031E-15));
#2212=CARTESIAN_POINT('Origin',(7.50000002980232,64.9000010877848,5.5));
#2213=CARTESIAN_POINT('',(7.50000002980232,9.6,2.22044604925031E-15));
#2214=CARTESIAN_POINT('',(7.50000002980232,49.7500007338822,2.22044604925031E-15));
#2215=CARTESIAN_POINT('',(2.,4.1,5.5));
#2216=CARTESIAN_POINT('Origin',(7.50000002980232,9.6,5.5));
#2217=CARTESIAN_POINT('',(2.00000002980232,46.0000006854534,5.5));
#2218=CARTESIAN_POINT('',(2.00000002980232,49.7500007338822,5.5));
#2219=CARTESIAN_POINT('',(2.02277445475066,46.0000006854534,5.));
#2220=CARTESIAN_POINT('Origin',(7.50000002980232,46.0000006854534,5.5));
#2221=CARTESIAN_POINT('',(2.02277445475066,49.7500007338822,5.));
#2222=CARTESIAN_POINT('Origin',(12.0000001788139,9.6,5.5));
#2223=CARTESIAN_POINT('',(40.5000007152557,9.6,2.22044604925031E-15));
#2224=CARTESIAN_POINT('',(12.0000001788139,9.6,2.22044604925031E-15));
#2225=CARTESIAN_POINT('',(46.0000007152557,4.1,5.5));
#2226=CARTESIAN_POINT('Origin',(40.5000007152557,9.6,5.5));
#2227=CARTESIAN_POINT('',(12.0000001788139,4.1,5.5));
#2228=CARTESIAN_POINT('Origin',(40.5000007152557,17.7500002719462,5.5));
#2229=CARTESIAN_POINT('',(40.5000007152557,64.9000010877848,2.22044604925031E-15));
#2230=CARTESIAN_POINT('',(40.5000007152557,17.7500002719462,2.22044604925031E-15));
#2231=CARTESIAN_POINT('',(46.0000007152557,70.4000010877848,5.5));
#2232=CARTESIAN_POINT('Origin',(40.5000007152557,64.9000010877848,5.5));
#2233=CARTESIAN_POINT('',(46.0000007152557,17.7500002719462,5.5));
#2234=CARTESIAN_POINT('Origin',(36.0000005364418,64.9000010877848,5.5));
#2235=CARTESIAN_POINT('',(30.3058544603779,70.3772266628364,5.));
#2236=CARTESIAN_POINT('',(30.3058544603779,70.4000010877848,5.5));
#2237=CARTESIAN_POINT('Origin',(30.3058544603779,64.9000010877848,5.5));
#2238=CARTESIAN_POINT('',(36.0000005364418,70.4000010877848,5.5));
#2239=CARTESIAN_POINT('',(36.0000005364418,64.9000010877848,2.22044604925031E-15));
#2240=CARTESIAN_POINT('',(18.6500019669533,70.4000010877848,5.5));
#2241=CARTESIAN_POINT('',(36.0000005364418,70.4000010877848,5.5));
#2242=CARTESIAN_POINT('',(18.6500019669533,70.3772266628364,5.));
#2243=CARTESIAN_POINT('Origin',(18.6500019669533,64.9000010877848,5.5));
#2244=CARTESIAN_POINT('',(36.0000005364418,70.3772266628364,5.));
#2245=CARTESIAN_POINT('Origin',(0.,4.1,0.));
#2246=CARTESIAN_POINT('',(46.0000007152557,4.1,12.5));
#2247=CARTESIAN_POINT('',(46.0000007152557,4.1,0.));
#2248=CARTESIAN_POINT('',(2.,4.1,12.5));
#2249=CARTESIAN_POINT('',(2.,4.1,12.5));
#2250=CARTESIAN_POINT('',(2.,4.1,11.5));
#2251=CARTESIAN_POINT('',(2.,4.1,11.5));
#2252=CARTESIAN_POINT('',(2.,4.1,0.));
#2253=CARTESIAN_POINT('Origin',(46.0000007152557,-2.,0.));
#2254=CARTESIAN_POINT('',(46.0000007152557,70.4000010877848,12.5));
#2255=CARTESIAN_POINT('',(46.0000007152557,70.4000010877848,0.));
#2256=CARTESIAN_POINT('',(46.0000007152557,70.4000010877848,12.5));
#2257=CARTESIAN_POINT('Origin',(2.00000002980232,62.000000923872,5.));
#2258=CARTESIAN_POINT('',(2.00000002980232,58.0000008642673,11.5));
#2259=CARTESIAN_POINT('',(2.00000002980232,58.0000008642673,5.));
#2260=CARTESIAN_POINT('',(2.,70.4000010877848,11.5));
#2261=CARTESIAN_POINT('',(2.00000002980232,48.2500007338822,11.5));
#2262=CARTESIAN_POINT('',(2.,70.4000010877848,0.));
#2263=CARTESIAN_POINT('Origin',(2.00000002980232,62.000000923872,5.));
#2264=CARTESIAN_POINT('',(2.00000001490116,46.0000006854534,11.5));
#2265=CARTESIAN_POINT('',(2.00000002980232,40.2500006146729,11.5));
#2266=CARTESIAN_POINT('',(2.00000002980232,46.0000006854534,5.));
#2267=CARTESIAN_POINT('Origin',(48.0000007152557,70.4000010877848,0.));
#2268=CARTESIAN_POINT('',(2.,70.4000010877848,12.5));
#2269=CARTESIAN_POINT('',(2.,70.4000010877848,11.5));
#2270=CARTESIAN_POINT('',(18.6500019669533,70.4000010877848,12.5));
#2271=CARTESIAN_POINT('',(18.6500019669533,70.4000010877848,12.5));
#2272=CARTESIAN_POINT('',(18.6500019669533,70.4000010877848,6.));
#2273=CARTESIAN_POINT('Origin',(48.0000007152557,70.4000010877848,0.));
#2274=CARTESIAN_POINT('',(30.3058544603779,70.4000010877848,12.5));
#2275=CARTESIAN_POINT('',(30.3058544603779,70.4000010877848,6.));
#2276=CARTESIAN_POINT('',(46.0000007152557,70.4000010877848,12.5));
#2277=CARTESIAN_POINT('Origin',(30.3058544603779,77.0000010877848,12.));
#2278=CARTESIAN_POINT('',(30.3058544603779,64.62,5.));
#2279=CARTESIAN_POINT('',(30.3058544603779,63.62,5.));
#2280=CARTESIAN_POINT('',(30.3058544603779,64.62,11.5));
#2281=CARTESIAN_POINT('',(30.3058544603779,64.62,9.075));
#2282=CARTESIAN_POINT('',(30.3058544603779,69.4000010877848,11.5));
#2283=CARTESIAN_POINT('',(30.3058544603779,65.62,11.5));
#2284=CARTESIAN_POINT('',(30.3058544603779,69.4000010877848,12.5));
#2285=CARTESIAN_POINT('',(30.3058544603779,69.4000010877848,11.5));
#2286=CARTESIAN_POINT('',(30.3058544603779,70.4000010877848,12.5));
#2287=CARTESIAN_POINT('Origin',(24.4779282136656,70.3100005438924,5.));
#2288=CARTESIAN_POINT('',(18.6500019669533,64.62,5.));
#2289=CARTESIAN_POINT('',(18.6500019669533,65.62,5.));
#2290=CARTESIAN_POINT('',(32.9889650903094,64.62,5.));
#2291=CARTESIAN_POINT('Origin',(24.0000003576279,37.5000005438924,1.66533453693773E-15));
#2292=CARTESIAN_POINT('',(8.,18.,1.66533453693773E-15));
#2293=CARTESIAN_POINT('',(8.,56.5,1.66533453693773E-15));
#2294=CARTESIAN_POINT('',(8.,47.0000002719462,1.66533453693773E-15));
#2295=CARTESIAN_POINT('',(40.,18.,1.66533453693773E-15));
#2296=CARTESIAN_POINT('',(16.2500001788139,18.,1.66533453693773E-15));
#2297=CARTESIAN_POINT('',(40.,56.5,1.66533453693773E-15));
#2298=CARTESIAN_POINT('',(40.,28.0000002719462,1.66533453693773E-15));
#2299=CARTESIAN_POINT('',(31.7500001788139,56.5,1.66533453693773E-15));
#2300=CARTESIAN_POINT('Origin',(2.,70.4000010877848,11.5));
#2301=CARTESIAN_POINT('',(2.00000002980232,58.0000008642673,12.5));
#2302=CARTESIAN_POINT('',(2.00000002980232,58.0000008642673,11.5));
#2303=CARTESIAN_POINT('',(2.00000002980232,58.0000008642673,12.5));
#2304=CARTESIAN_POINT('Origin',(3.,70.4000010901882,11.5));
#2305=CARTESIAN_POINT('',(3.00000000240341,69.4000010877848,11.5));
#2306=CARTESIAN_POINT('',(3.00000002980232,58.0000008666708,11.5));
#2307=CARTESIAN_POINT('',(3.00000004314127,52.4500007918044,11.5));
#2308=CARTESIAN_POINT('',(3.00000000240341,69.4000010877848,12.5));
#2309=CARTESIAN_POINT('',(3.00000000240341,69.4000010877848,11.5));
#2310=CARTESIAN_POINT('',(3.00000002980232,58.0000008666708,12.5));
#2311=CARTESIAN_POINT('',(3.00000002980232,58.0000008666708,12.5));
#2312=CARTESIAN_POINT('',(3.00000002980232,58.0000008666708,11.5));
#2313=CARTESIAN_POINT('Origin',(18.6500019669533,69.4000010877848,11.5));
#2314=CARTESIAN_POINT('',(18.6500019669533,69.4000010877848,11.5));
#2315=CARTESIAN_POINT('',(21.3250011622906,69.4000010877848,11.5));
#2316=CARTESIAN_POINT('',(18.6500019669533,69.4000010877848,12.5));
#2317=CARTESIAN_POINT('',(18.6500019669533,69.4000010877848,11.5));
#2318=CARTESIAN_POINT('',(18.6500019669533,69.4000010877848,12.5));
#2319=CARTESIAN_POINT('Origin',(2.00000002980232,58.0000008642673,12.));
#2320=CARTESIAN_POINT('',(2.00000002980232,58.0000008642673,12.5));
#2321=CARTESIAN_POINT('',(13.0000001937151,58.0000008642673,11.5));
#2322=CARTESIAN_POINT('Origin',(2.00000001490116,64.200000976026,12.5));
#2323=CARTESIAN_POINT('',(18.6500019669533,70.4000010877848,12.5));
#2324=CARTESIAN_POINT('Origin',(24.0000003576279,34.5000005438924,11.5));
#2325=CARTESIAN_POINT('',(5.00000007450581,58.0000008642673,11.5));
#2326=CARTESIAN_POINT('',(13.0000001937151,58.0000008642673,11.5));
#2327=CARTESIAN_POINT('',(5.,60.3,11.5));
#2328=CARTESIAN_POINT('',(5.,45.7500002719462,11.5));
#2329=CARTESIAN_POINT('',(6.15000196695328,60.3,11.5));
#2330=CARTESIAN_POINT('',(33.5000001788139,60.3,11.5));
#2331=CARTESIAN_POINT('',(6.15000196695328,64.62,11.5));
#2332=CARTESIAN_POINT('',(6.15000196695328,48.0000002719462,11.5));
#2333=CARTESIAN_POINT('',(18.6500019669533,64.62,11.5));
#2334=CARTESIAN_POINT('',(32.7500011622906,64.62,11.5));
#2335=CARTESIAN_POINT('',(18.6500019669533,65.62,11.5));
#2336=CARTESIAN_POINT('Origin',(2.00000001490116,46.0000006854534,11.5));
#2337=CARTESIAN_POINT('',(2.00000001490117,46.0000006854534,12.5));
#2338=CARTESIAN_POINT('',(2.,4.1,12.5));
#2339=CARTESIAN_POINT('',(2.00000001490116,46.0000006854534,11.5));
#2340=CARTESIAN_POINT('Origin',(45.0000007152557,4.1,11.5));
#2341=CARTESIAN_POINT('',(45.0000007152557,5.1,11.5));
#2342=CARTESIAN_POINT('',(45.0000007152557,69.4000010877848,11.5));
#2343=CARTESIAN_POINT('',(45.0000007152557,19.3000002719462,11.5));
#2344=CARTESIAN_POINT('',(45.0000007152557,5.1,12.5));
#2345=CARTESIAN_POINT('',(45.0000007152557,5.1,11.5));
#2346=CARTESIAN_POINT('',(45.0000007152557,69.4000010877848,12.5));
#2347=CARTESIAN_POINT('',(45.0000007152557,70.4000010877848,12.5));
#2348=CARTESIAN_POINT('',(45.0000007152557,69.4000010877848,11.5));
#2349=CARTESIAN_POINT('Origin',(2.,5.1,11.5));
#2350=CARTESIAN_POINT('',(3.00000000035563,5.1,11.5));
#2351=CARTESIAN_POINT('',(13.0000001788139,5.1,11.5));
#2352=CARTESIAN_POINT('',(3.00000000035563,5.1,12.5));
#2353=CARTESIAN_POINT('',(3.00000000035564,5.1,11.5));
#2354=CARTESIAN_POINT('',(2.,5.1,12.5));
#2355=CARTESIAN_POINT('Origin',(3.00000001490116,46.0000006850978,11.5));
#2356=CARTESIAN_POINT('',(3.00000001490116,46.0000006850978,11.5));
#2357=CARTESIAN_POINT('',(3.00000001285625,40.2500006182293,11.5));
#2358=CARTESIAN_POINT('',(3.00000001490117,46.0000006850978,12.5));
#2359=CARTESIAN_POINT('',(3.00000001490116,46.0000006850978,11.5));
#2360=CARTESIAN_POINT('',(3.,4.09999999964437,12.5));
#2361=CARTESIAN_POINT('Origin',(46.0000007152557,69.4000010877848,11.5));
#2362=CARTESIAN_POINT('',(35.0000005364418,69.4000010877848,11.5));
#2363=CARTESIAN_POINT('',(46.0000007152557,69.4000010877848,12.5));
#2364=CARTESIAN_POINT('Origin',(46.0000007152557,37.2500005438924,12.5));
#2365=CARTESIAN_POINT('',(2.00000001490117,46.0000006854534,12.5));
#2366=CARTESIAN_POINT('Origin',(2.00000001490116,46.0000006854534,12.));
#2367=CARTESIAN_POINT('',(14.5000002160668,46.0000006854534,11.5));
#2368=CARTESIAN_POINT('Origin',(24.0000003576279,34.5000005438924,11.5));
#2369=CARTESIAN_POINT('',(42.3500019669533,64.62,11.5));
#2370=CARTESIAN_POINT('',(32.7500011622906,64.62,11.5));
#2371=CARTESIAN_POINT('',(42.3500019669533,60.3,11.5));
#2372=CARTESIAN_POINT('',(42.3500019669533,18.5000002719462,11.5));
#2373=CARTESIAN_POINT('',(43.,60.3,11.5));
#2374=CARTESIAN_POINT('',(33.5000001788139,60.3,11.5));
#2375=CARTESIAN_POINT('',(43.,12.7,11.5));
#2376=CARTESIAN_POINT('',(43.,23.7500002719462,11.5));
#2377=CARTESIAN_POINT('',(42.3500019669533,12.7,11.5));
#2378=CARTESIAN_POINT('',(14.5000001788139,12.7,11.5));
#2379=CARTESIAN_POINT('',(42.3500019669533,5.3,11.5));
#2380=CARTESIAN_POINT('',(42.3500019669533,18.5000002719462,11.5));
#2381=CARTESIAN_POINT('',(6.65000196695328,5.3,11.5));
#2382=CARTESIAN_POINT('',(15.2500011622906,5.3,11.5));
#2383=CARTESIAN_POINT('',(6.65000196695328,12.7,11.5));
#2384=CARTESIAN_POINT('',(6.65000196695328,48.0000002719462,11.5));
#2385=CARTESIAN_POINT('',(5.,12.7,11.5));
#2386=CARTESIAN_POINT('',(14.5000001788139,12.7,11.5));
#2387=CARTESIAN_POINT('',(5.00000007450581,46.0000006854534,11.5));
#2388=CARTESIAN_POINT('',(5.,45.7500002719462,11.5));
#2389=CARTESIAN_POINT('',(14.5000002160668,46.0000006854534,11.5));
#2390=CARTESIAN_POINT('Origin',(41.5000019669533,64.62,6.15));
#2391=CARTESIAN_POINT('',(18.6500019669533,64.62,9.075));
#2392=CARTESIAN_POINT('',(6.15000196695328,64.62,3.5));
#2393=CARTESIAN_POINT('',(6.15000196695328,64.62,6.15));
#2394=CARTESIAN_POINT('',(42.3500019669533,64.62,3.5));
#2395=CARTESIAN_POINT('',(32.7500019669533,64.62,3.5));
#2396=CARTESIAN_POINT('',(42.3500019669533,64.62,6.15));
#2397=CARTESIAN_POINT('Origin',(42.3500019669533,2.5,6.15));
#2398=CARTESIAN_POINT('',(42.3500019669533,60.3,3.5));
#2399=CARTESIAN_POINT('',(42.3500019669533,17.25,3.5));
#2400=CARTESIAN_POINT('',(42.3500019669533,60.3,3.575));
#2401=CARTESIAN_POINT('Origin',(1.50000002235174,50.0000007450581,5.));
#2402=CARTESIAN_POINT('',(5.00000007450581,46.0000006854534,5.));
#2403=CARTESIAN_POINT('',(3.25000004842877,46.0000006854534,5.));
#2404=CARTESIAN_POINT('',(5.00000007450581,58.0000008642673,5.));
#2405=CARTESIAN_POINT('',(5.,53.500000372529,5.));
#2406=CARTESIAN_POINT('',(1.75000002607703,58.0000008642673,5.));
#2407=CARTESIAN_POINT('Origin',(24.0000019669533,32.,3.5));
#2408=CARTESIAN_POINT('',(6.15000196695328,60.3,3.5));
#2409=CARTESIAN_POINT('',(6.15000196695328,46.75,3.5));
#2410=CARTESIAN_POINT('',(33.5000009834766,60.3,3.5));
#2411=CARTESIAN_POINT('Origin',(39.5,18.5,-2.));
#2412=CARTESIAN_POINT('',(39.5,18.5,0.500000000000002));
#2413=CARTESIAN_POINT('',(39.5,56.,0.500000000000002));
#2414=CARTESIAN_POINT('',(39.5,28.0000002719462,0.500000000000002));
#2415=CARTESIAN_POINT('',(39.5,18.5,1.));
#2416=CARTESIAN_POINT('',(39.5,18.5,-2.));
#2417=CARTESIAN_POINT('',(39.5,56.,1.));
#2418=CARTESIAN_POINT('',(39.5,28.25,1.));
#2419=CARTESIAN_POINT('',(39.5,56.,-2.));
#2420=CARTESIAN_POINT('Origin',(39.5,56.,-2.));
#2421=CARTESIAN_POINT('',(8.5,56.,0.500000000000002));
#2422=CARTESIAN_POINT('',(31.7500001788139,56.,0.500000000000002));
#2423=CARTESIAN_POINT('',(8.5,56.,1.));
#2424=CARTESIAN_POINT('',(31.75,56.,1.));
#2425=CARTESIAN_POINT('',(8.5,56.,-2.));
#2426=CARTESIAN_POINT('Origin',(8.5,56.5,-2.));
#2427=CARTESIAN_POINT('',(8.5,18.5,0.500000000000002));
#2428=CARTESIAN_POINT('',(8.5,47.0000002719462,0.500000000000002));
#2429=CARTESIAN_POINT('',(8.5,18.5,1.));
#2430=CARTESIAN_POINT('',(8.5,47.25,1.));
#2431=CARTESIAN_POINT('',(8.5,18.5,-2.));
#2432=CARTESIAN_POINT('Origin',(8.5,18.5,-2.));
#2433=CARTESIAN_POINT('',(16.2500001788139,18.5,0.500000000000002));
#2434=CARTESIAN_POINT('',(16.25,18.5,1.));
#2435=CARTESIAN_POINT('Origin',(24.0000025331974,12.5,2.35));
#2436=CARTESIAN_POINT('',(6.65000196695328,12.7,2.35));
#2437=CARTESIAN_POINT('',(42.3500019669533,12.7,2.35));
#2438=CARTESIAN_POINT('',(14.5000012665987,12.7,2.35));
#2439=CARTESIAN_POINT('',(6.65000196695328,5.3,2.35));
#2440=CARTESIAN_POINT('',(6.65000196695328,37.,2.35));
#2441=CARTESIAN_POINT('',(42.3500019669533,5.3,2.35));
#2442=CARTESIAN_POINT('',(15.2500022500753,5.3,2.35));
#2443=CARTESIAN_POINT('',(42.3500019669533,7.5,2.35));
#2444=CARTESIAN_POINT('Origin',(6.65000196695328,61.5,6.15));
#2445=CARTESIAN_POINT('',(6.65000196695328,5.3,6.15));
#2446=CARTESIAN_POINT('',(6.65000196695328,12.7,3.575));
#2447=CARTESIAN_POINT('Origin',(6.50000196695328,5.3,6.15));
#2448=CARTESIAN_POINT('',(42.3500019669533,5.3,6.15));
#2449=CARTESIAN_POINT('Origin',(42.3500019669533,2.5,6.15));
#2450=CARTESIAN_POINT('',(42.3500019669533,12.7,3.575));
#2451=CARTESIAN_POINT('Origin',(43.,13.,1.));
#2452=CARTESIAN_POINT('',(43.,60.3,1.));
#2453=CARTESIAN_POINT('',(43.,60.3,1.));
#2454=CARTESIAN_POINT('',(43.,12.7,1.));
#2455=CARTESIAN_POINT('',(43.,13.,1.));
#2456=CARTESIAN_POINT('',(43.,12.7,1.));
#2457=CARTESIAN_POINT('Origin',(31.7500001788139,56.5,0.500000000000002));
#2458=CARTESIAN_POINT('Origin',(40.,56.5,0.500000000000002));
#2459=CARTESIAN_POINT('Origin',(8.,56.5,0.500000000000002));
#2460=CARTESIAN_POINT('Origin',(40.,28.0000002719462,0.500000000000002));
#2461=CARTESIAN_POINT('Origin',(40.,18.,0.500000000000002));
#2462=CARTESIAN_POINT('Origin',(16.2500001788139,18.,0.500000000000002));
#2463=CARTESIAN_POINT('Origin',(8.,18.,0.500000000000002));
#2464=CARTESIAN_POINT('Origin',(8.,47.0000002719462,0.500000000000002));
#2465=CARTESIAN_POINT('Origin',(18.6500019669533,63.62,12.));
#2466=CARTESIAN_POINT('Origin',(6.15000196695328,61.5,6.15));
#2467=CARTESIAN_POINT('',(6.15000196695328,60.3,3.575));
#2468=CARTESIAN_POINT('Origin',(43.,60.3,1.));
#2469=CARTESIAN_POINT('',(5.,60.3,1.));
#2470=CARTESIAN_POINT('',(5.,60.3,1.));
#2471=CARTESIAN_POINT('',(43.,60.3,1.));
#2472=CARTESIAN_POINT('Origin',(24.,35.,1.));
#2473=CARTESIAN_POINT('',(5.,12.7,1.));
#2474=CARTESIAN_POINT('',(5.,57.,1.));
#2475=CARTESIAN_POINT('',(5.,12.7,1.));
#2476=CARTESIAN_POINT('Origin',(5.,12.7,1.));
#2477=CARTESIAN_POINT('',(5.,12.7,1.));
#2478=CARTESIAN_POINT('Origin',(2.00000002980232,58.0000008642673,5.));
#2479=CARTESIAN_POINT('',(5.00000007450581,58.0000008642673,5.));
#2480=CARTESIAN_POINT('Origin',(5.,57.,1.));
#2481=CARTESIAN_POINT('',(5.00000007450581,46.0000006854534,5.));
#2482=CARTESIAN_POINT('Origin',(5.00000007450581,46.0000006854534,5.));
#2483=CARTESIAN_POINT('Origin',(-55.6432235091921,37.5000005587935,2.00000087916851));
#2484=CARTESIAN_POINT('',(-55.6432235091923,68.0000010132789,4.00000090897083));
#2485=CARTESIAN_POINT('',(-55.6432235091926,68.0000010132789,8.49366189603629E-7));
#2486=CARTESIAN_POINT('',(-55.6432235091923,68.0000010132789,4.00000090897083));
#2487=CARTESIAN_POINT('',(-55.6432235091923,7.00000010430812,8.49366189603629E-7));
#2488=CARTESIAN_POINT('',(-55.6432235091926,68.0000010132789,8.49366189603629E-7));
#2489=CARTESIAN_POINT('',(-55.6432235091923,7.00000010430812,4.00000090897083));
#2490=CARTESIAN_POINT('',(-55.6432235091923,7.00000010430812,8.49366189603629E-7));
#2491=CARTESIAN_POINT('',(-55.643223509192,26.2500002793967,4.00000095367432));
#2492=CARTESIAN_POINT('Origin',(-37.1432262957096,15.,4.00000095367432));
#2493=CARTESIAN_POINT('',(-13.6432237625122,4.1,4.00000095367431));
#2494=CARTESIAN_POINT('',(-57.643224477768,4.1,4.00000095367432));
#2495=CARTESIAN_POINT('',(-24.3932250291109,4.1,4.00000095367431));
#2496=CARTESIAN_POINT('',(-57.643224477768,70.4000010877847,4.00000095367432));
#2497=CARTESIAN_POINT('',(-57.643224477768,6.5,4.00000095367432));
#2498=CARTESIAN_POINT('',(-13.6432237625122,70.4000010877847,4.00000095367431));
#2499=CARTESIAN_POINT('',(-48.3932253867388,70.4000010877847,4.00000095367432));
#2500=CARTESIAN_POINT('',(-13.6432237625122,43.0000005438924,4.00000095367431));
#2501=CARTESIAN_POINT('',(-16.6432229429483,68.000001013279,4.00000095367431));
#2502=CARTESIAN_POINT('',(-45.893224902451,68.000001013279,4.00000095367432));
#2503=CARTESIAN_POINT('',(-16.6432229429483,7.00000010430813,4.00000095367431));
#2504=CARTESIAN_POINT('',(-26.893224619329,7.00000010430813,4.00000095367431));
#2505=CARTESIAN_POINT('',(-16.6432229429483,41.5000005066395,4.00000095367431));
#2506=CARTESIAN_POINT('Origin',(-54.6432235091925,68.000001013279,4.00000095367432));
#2507=CARTESIAN_POINT('',(-16.6432229429483,68.000001013279,9.53674311743313E-7));
#2508=CARTESIAN_POINT('',(-45.1432233676314,68.000001013279,9.53674315073982E-7));
#2509=CARTESIAN_POINT('',(-16.6432229429483,68.000001013279,4.00000095367431));
#2510=CARTESIAN_POINT('Origin',(-35.6432232260704,37.5000005587935,1.00000095367431));
#2511=CARTESIAN_POINT('',(-54.6432235091925,67.4560292760911,1.00000095367432));
#2512=CARTESIAN_POINT('',(-16.8783208835257,67.4560292760911,1.00000095367431));
#2513=CARTESIAN_POINT('',(-45.893224902451,67.4560292760911,1.00000095367432));
#2514=CARTESIAN_POINT('',(-54.6432235091925,8.00000011920929,1.00000095367432));
#2515=CARTESIAN_POINT('',(-54.6432235091925,22.2500003315508,1.00000095367432));
#2516=CARTESIAN_POINT('',(-16.8783208835257,8.00000011920929,1.00000095367431));
#2517=CARTESIAN_POINT('',(-27.0107735896176,8.00000011920929,1.00000095367431));
#2518=CARTESIAN_POINT('',(-16.8783208835257,41.2280146380455,1.00000095367431));
#2519=CARTESIAN_POINT('Origin',(-14.5932237625122,68.4500010877848,7.00000095367431));
#2520=CARTESIAN_POINT('',(-15.5932237625122,68.4500010877848,7.00000095367431));
#2521=CARTESIAN_POINT('',(-55.6932244777679,68.4500010877848,7.00000095367432));
#2522=CARTESIAN_POINT('',(-25.1182234942913,68.4500010877848,7.00000095367431));
#2523=CARTESIAN_POINT('',(-15.5932237625122,68.4500010877848,8.00000095367431));
#2524=CARTESIAN_POINT('',(-15.5932237625122,68.4500010877848,7.00000095367431));
#2525=CARTESIAN_POINT('',(-55.6932244777679,68.4500010877848,8.00000095367432));
#2526=CARTESIAN_POINT('',(-25.1182239413261,68.4500010877848,8.00000095367431));
#2527=CARTESIAN_POINT('',(-55.6932244777679,68.4500010877848,7.00000095367432));
#2528=CARTESIAN_POINT('Origin',(-15.5932237625122,5.05,7.00000095367431));
#2529=CARTESIAN_POINT('',(-15.5932237625122,6.05,7.00000095367431));
#2530=CARTESIAN_POINT('',(-15.5932237625122,21.2750002793968,7.00000095367431));
#2531=CARTESIAN_POINT('',(-15.5932237625122,6.05,8.00000095367431));
#2532=CARTESIAN_POINT('',(-15.5932237625122,6.05,7.00000095367431));
#2533=CARTESIAN_POINT('',(-15.5932237625122,21.1500002719462,8.00000095367431));
#2534=CARTESIAN_POINT('Origin',(-56.6932244777679,6.05,7.00000095367432));
#2535=CARTESIAN_POINT('',(-55.6932244777679,6.05,7.00000095367432));
#2536=CARTESIAN_POINT('',(-46.1682238519192,6.05,7.00000095367432));
#2537=CARTESIAN_POINT('',(-55.6932244777679,6.05,8.00000095367432));
#2538=CARTESIAN_POINT('',(-55.6932244777679,6.05,7.00000095367432));
#2539=CARTESIAN_POINT('',(-46.168224298954,6.05,8.00000095367432));
#2540=CARTESIAN_POINT('Origin',(-55.6932244777679,69.4500010877848,7.00000095367432));
#2541=CARTESIAN_POINT('',(-55.6932244777679,53.4750008232892,7.00000095367432));
#2542=CARTESIAN_POINT('',(-55.6932244777679,53.3500008158386,8.00000095367432));
#2543=CARTESIAN_POINT('Origin',(-14.5932237625122,69.4500010877848,7.00000095367431));
#2544=CARTESIAN_POINT('',(-56.6932244777679,69.4500010877848,7.00000095367432));
#2545=CARTESIAN_POINT('',(-14.5932237625122,69.4500010877848,7.00000095367431));
#2546=CARTESIAN_POINT('',(-25.1182234942913,69.4500010877848,7.00000095367431));
#2547=CARTESIAN_POINT('',(-56.6932244777679,69.4500010877848,8.00000095367432));
#2548=CARTESIAN_POINT('',(-56.6932244777679,69.4500010877848,7.00000095367432));
#2549=CARTESIAN_POINT('',(-14.5932237625122,69.4500010877848,8.00000095367431));
#2550=CARTESIAN_POINT('',(-14.5932237625122,69.4500010877848,8.00000095367431));
#2551=CARTESIAN_POINT('',(-14.5932237625122,69.4500010877848,7.00000095367431));
#2552=CARTESIAN_POINT('Origin',(-14.5932237625122,5.05,7.00000095367431));
#2553=CARTESIAN_POINT('',(-14.5932237625122,5.05,7.00000095367431));
#2554=CARTESIAN_POINT('',(-14.5932237625122,21.2750002793968,7.00000095367431));
#2555=CARTESIAN_POINT('',(-14.5932237625122,5.05,8.00000095367431));
#2556=CARTESIAN_POINT('',(-14.5932237625122,5.05,8.00000095367431));
#2557=CARTESIAN_POINT('',(-14.5932237625122,5.05,7.00000095367431));
#2558=CARTESIAN_POINT('Origin',(-56.6932244777679,5.05,7.00000095367432));
#2559=CARTESIAN_POINT('',(-56.6932244777679,5.05,7.00000095367432));
#2560=CARTESIAN_POINT('',(-46.1682238519192,5.05,7.00000095367432));
#2561=CARTESIAN_POINT('',(-56.6932244777679,5.05,8.00000095367432));
#2562=CARTESIAN_POINT('',(-56.6932244777679,5.05,8.00000095367432));
#2563=CARTESIAN_POINT('',(-56.6932244777679,5.05,7.00000095367432));
#2564=CARTESIAN_POINT('Origin',(-56.6932244777679,69.4500010877848,7.00000095367432));
#2565=CARTESIAN_POINT('',(-56.6932244777679,53.4750008232892,7.00000095367432));
#2566=CARTESIAN_POINT('',(-56.6932244777679,69.4500010877848,8.00000095367432));
#2567=CARTESIAN_POINT('Origin',(-35.6432241201401,37.2500005438924,8.00000095367432));
#2568=CARTESIAN_POINT('Origin',(-35.6432232260704,37.5000005587935,7.00000095367432));
#2569=CARTESIAN_POINT('',(-13.6432237625122,4.1,7.00000095367431));
#2570=CARTESIAN_POINT('',(-57.643224477768,4.1,7.00000095367432));
#2571=CARTESIAN_POINT('',(-23.6432234942913,4.1,7.00000095367431));
#2572=CARTESIAN_POINT('',(-13.6432237625122,70.4000010877847,7.00000095367431));
#2573=CARTESIAN_POINT('',(-13.6432237625122,54.2500008232892,7.00000095367431));
#2574=CARTESIAN_POINT('',(-57.643224477768,70.4000010877847,7.00000095367432));
#2575=CARTESIAN_POINT('',(-47.6432238519192,70.4000010877847,7.00000095367432));
#2576=CARTESIAN_POINT('',(-57.643224477768,17.7500002793968,7.00000095367432));
#2577=CARTESIAN_POINT('Origin',(-35.5599868297577,37.3417407031771,9.53674315073982E-7));
#2578=CARTESIAN_POINT('',(-16.6432229429483,7.00000010430813,9.53674311743313E-7));
#2579=CARTESIAN_POINT('',(-16.6432229429483,52.7500007860363,9.53674311743313E-7));
#2580=CARTESIAN_POINT('',(-26.1432230845094,7.00000010430813,9.53674312853536E-7));
#2581=CARTESIAN_POINT('Origin',(-16.6432229429483,7.00000010430813,4.00000095367431));
#2582=CARTESIAN_POINT('',(-16.6432229429483,7.00000010430813,4.00000095367431));
#2583=CARTESIAN_POINT('Origin',(-16.6432229429483,68.000001013279,4.00000095367431));
#2584=CARTESIAN_POINT('Origin',(-16.8783208835257,8.00000011920929,7.00000095367431));
#2585=CARTESIAN_POINT('',(-16.8783208835257,8.00000011920929,7.00000095367431));
#2586=CARTESIAN_POINT('',(-54.6432235091925,8.00000011920929,7.00000095367432));
#2587=CARTESIAN_POINT('',(-26.260772054798,8.00000011920929,7.00000095367431));
#2588=CARTESIAN_POINT('',(-16.8783208835257,8.00000011920929,4.00000095367431));
#2589=CARTESIAN_POINT('',(-54.6432235091925,8.00000011920929,7.00000095367432));
#2590=CARTESIAN_POINT('Origin',(-16.8783208835257,67.4560292760911,7.00000095367431));
#2591=CARTESIAN_POINT('',(-16.8783208835257,67.4560292760911,7.00000095367431));
#2592=CARTESIAN_POINT('',(-16.8783208835257,52.4780149174423,7.00000095367431));
#2593=CARTESIAN_POINT('',(-16.8783208835257,67.4560292760911,4.00000095367431));
#2594=CARTESIAN_POINT('Origin',(-54.6432235091925,67.4560292760911,7.00000095367432));
#2595=CARTESIAN_POINT('',(-54.6432235091925,67.4560292760911,7.00000095367432));
#2596=CARTESIAN_POINT('',(-45.1432233676314,67.4560292760911,7.00000095367432));
#2597=CARTESIAN_POINT('',(-54.6432235091925,67.4560292760911,4.00000095367432));
#2598=CARTESIAN_POINT('Origin',(-54.6432235091925,8.00000011920929,7.00000095367432));
#2599=CARTESIAN_POINT('',(-54.6432235091925,22.7500003390014,7.00000095367432));
#2600=CARTESIAN_POINT('Origin',(-35.6432232260704,37.5000005587935,7.00000095367432));
#2601=CARTESIAN_POINT('Origin',(-59.6432244777679,70.4000010877848,16.0000009536743));
#2602=CARTESIAN_POINT('',(-13.6432237625122,70.4000010877848,16.0000009536743));
#2603=CARTESIAN_POINT('',(-57.643224477768,70.4000010877848,16.0000009536743));
#2604=CARTESIAN_POINT('Origin',(-13.6432237625122,71.0000010877848,16.0000009536743));
#2605=CARTESIAN_POINT('',(-13.6432237625122,4.1,16.0000009536743));
#2606=CARTESIAN_POINT('Origin',(-11.6432237625122,4.1,16.0000009536743));
#2607=CARTESIAN_POINT('',(-57.643224477768,4.1,16.0000009536743));
#2608=CARTESIAN_POINT('Origin',(-57.643224477768,-2.,16.0000009536743));
#2609=UNCERTAINTY_MEASURE_WITH_UNIT(LENGTH_MEASURE(0.01),#2613,
'DISTANCE_ACCURACY_VALUE',
'Maximum model space distance between geometric entities at asserted c
onnectivities');
#2610=UNCERTAINTY_MEASURE_WITH_UNIT(LENGTH_MEASURE(0.01),#2613,
'DISTANCE_ACCURACY_VALUE',
'Maximum model space distance between geometric entities at asserted c
onnectivities');
#2611=(
GEOMETRIC_REPRESENTATION_CONTEXT(3)
GLOBAL_UNCERTAINTY_ASSIGNED_CONTEXT((#2609))
GLOBAL_UNIT_ASSIGNED_CONTEXT((#2613,#2615,#2616))
REPRESENTATION_CONTEXT('','3D')
);
#2612=(
GEOMETRIC_REPRESENTATION_CONTEXT(3)
GLOBAL_UNCERTAINTY_ASSIGNED_CONTEXT((#2610))
GLOBAL_UNIT_ASSIGNED_CONTEXT((#2613,#2615,#2616))
REPRESENTATION_CONTEXT('','3D')
);
#2613=(
LENGTH_UNIT()
NAMED_UNIT(*)
SI_UNIT(.MILLI.,.METRE.)
);
#2614=(
LENGTH_UNIT()
NAMED_UNIT(*)
SI_UNIT($,.METRE.)
);
#2615=(
NAMED_UNIT(*)
PLANE_ANGLE_UNIT()
SI_UNIT($,.RADIAN.)
);
#2616=(
NAMED_UNIT(*)
SI_UNIT($,.STERADIAN.)
SOLID_ANGLE_UNIT()
);
#2617=SHAPE_DEFINITION_REPRESENTATION(#2618,#2619);
#2618=PRODUCT_DEFINITION_SHAPE('',$,#2621);
#2619=SHAPE_REPRESENTATION('',(#1641),#2611);
#2620=PRODUCT_DEFINITION_CONTEXT('part definition',#2625,'design');
#2621=PRODUCT_DEFINITION('ST7735 Bezel','ST7735 Bezel',#2622,#2620);
#2622=PRODUCT_DEFINITION_FORMATION('',$,#2627);
#2623=PRODUCT_RELATED_PRODUCT_CATEGORY('ST7735 Bezel','ST7735 Bezel',(#2627));
#2624=APPLICATION_PROTOCOL_DEFINITION('international standard',
'automotive_design',2009,#2625);
#2625=APPLICATION_CONTEXT(
'Core Data for Automotive Mechanical Design Process');
#2626=PRODUCT_CONTEXT('part definition',#2625,'mechanical');
#2627=PRODUCT('ST7735 Bezel','ST7735 Bezel',$,(#2626));
#2628=PRESENTATION_STYLE_ASSIGNMENT((#2629));
#2629=SURFACE_STYLE_USAGE(.BOTH.,#2630);
#2630=SURFACE_SIDE_STYLE('',(#2631));
#2631=SURFACE_STYLE_FILL_AREA(#2632);
#2632=FILL_AREA_STYLE('Steel - Satin',(#2633));
#2633=FILL_AREA_STYLE_COLOUR('Steel - Satin',#2634);
#2634=COLOUR_RGB('Steel - Satin',0.627450980392157,0.627450980392157,0.627450980392157);
ENDSEC;
END-ISO-10303-21;
